Epoch,loss,rpn_class_loss,rpn_bbox_loss,mrcnn_class_loss,mrcnn_bbox_loss,mrcnn_mask_loss,val_loss,val_rpn_class_loss,val_rpn_bbox_loss,val_mrcnn_class_loss,val_mrcnn_bbox_loss,val_mrcnn_mask_loss
1,3.290907122313976,0.44644010066986084,1.1613436937332153,0.08828845620155334,0.5721515417098999,1.0226833820343018,2.5444050669670104,0.16648192703723907,0.9718824625015259,0.264289915561676,0.42147231101989746,0.7202785611152649
2,1.9329657065868378,0.13527053594589233,0.8385650515556335,0.14540541172027588,0.2917298376560211,0.5219947695732117,1.7578848326206207,0.08605149388313293,0.658754825592041,0.3274807631969452,0.22975783050060272,0.4558400809764862
3,1.437853278338909,0.09325972199440002,0.6577377319335938,0.1187020093202591,0.18689996004104614,0.3812538683414459,1.4074505853652954,0.056768998503685,0.46047061681747437,0.2915334105491638,0.1948142945766449,0.40386319160461426
4,1.3831236241459846,0.07380881160497665,0.7003586888313293,0.1076120138168335,0.15672390162944794,0.34462055563926697,1.501634279191494,0.047886546701192856,0.6313793659210205,0.264533132314682,0.17424635589122772,0.38358891010284424
5,1.2624499207139015,0.0636352002620697,0.5984470248222351,0.10731901228427887,0.1501302570104599,0.3429184556007385,1.5422831326723099,0.053125444799661636,0.6332557797431946,0.24659301340579987,0.19433939456939697,0.41496941447257996
6,1.1823139204382895,0.05559278279542923,0.5494098663330078,0.09832724928855896,0.14155234396457672,0.33743199706077576,1.4462630534172058,0.0453234538435936,0.46043190360069275,0.3776870369911194,0.16448211669921875,0.39833858609199524
7,1.243839879065752,0.05566951259970665,0.6171305179595947,0.10254117846488953,0.13690157234668732,0.33159711956977844,1.4900028216838836,0.03846115246415138,0.5758521556854248,0.32842692732810974,0.17830650508403778,0.3689559996128082
8,1.2028633474707604,0.05362356826663017,0.599345862865448,0.09303037822246552,0.1341957151889801,0.3226676881313324,1.4286567479372025,0.03751741349697113,0.5963266491889954,0.2934117019176483,0.15161500871181488,0.34978604316711426
9,1.1458909390568732,0.04859446734189987,0.5664606094360352,0.09044046700000763,0.12379466742277145,0.31660065054893494,1.3113546365499495,0.04266780987381935,0.5163059830665588,0.2714900076389313,0.15024951100349426,0.33064132928848267
10,1.1216853036284447,0.05070575699210167,0.5338547825813293,0.08874055743217468,0.12782542407512665,0.3205585777759552,1.1667408660054206,0.03752017393708229,0.3272492289543152,0.30782967805862427,0.13833843171596527,0.35580331087112427
11,1.099031726449728,0.04868040606379509,0.5337232947349548,0.08917686343193054,0.11862824112176895,0.308822900056839,1.4773713660240173,0.03730522468686104,0.5926081538200378,0.3193179965019226,0.15596336126327515,0.3721767067909241
12,1.1378372356891633,0.04895647615194321,0.5548529624938965,0.08994533121585846,0.12715287506580353,0.3169296979904175,1.4546168768405914,0.03263469040393829,0.48823651671409607,0.397827684879303,0.1638612598180771,0.37205666303634644
13,1.0175450868606568,0.03519546613097191,0.48382243514060974,0.08361589908599854,0.11301767826080322,0.3018934726715088,1.3043764126300812,0.027719665318727493,0.45315226912498474,0.284577339887619,0.15215440094470978,0.38677266240119934
14,1.0922302485108375,0.042917463928461075,0.5409641861915588,0.08612562716007233,0.11370228230953217,0.3085205852985382,1.3730495768785476,0.027507204562425613,0.4621448516845703,0.3900778293609619,0.14531707763671875,0.34800267219543457
15,1.0219378316700458,0.03921299800276756,0.47470805048942566,0.08588385581970215,0.1162886768579483,0.30584412813186646,1.2348437094688416,0.03304074704647064,0.36947277188301086,0.31252846121788025,0.15844550728797913,0.36135613918304443
16,1.001791331410408,0.044298868626356125,0.4640861749649048,0.07987291365861893,0.11523053795099258,0.29830318689346313,1.3950609982013702,0.023635150864720345,0.5533553957939148,0.3428749442100525,0.13835161924362183,0.336843878030777
17,1.0347310697436334,0.04126153886318207,0.5129289031028748,0.07947719097137451,0.10451584309339523,0.296547532081604,1.2356173384189606,0.036745812743902206,0.3458499014377594,0.35156601667404175,0.15530985593795776,0.34614577889442444
18,0.9815636990070343,0.03744693100452423,0.4557173252105713,0.08188766986131668,0.10911565274000168,0.29739630222320557,1.318054705262184,0.028556952252984047,0.3864325284957886,0.3586059808731079,0.15142148733139038,0.3930377662181854
19,0.9260923793911934,0.03809810057282448,0.4105117619037628,0.07945223152637482,0.1060953438282013,0.2919349670410156,1.1192044153809548,0.0351610891520977,0.31899940967559814,0.298612117767334,0.1333926022052765,0.33303916454315186
20,1.0027990521490573,0.03786643221974373,0.4753434956073761,0.08263736963272095,0.11207011342048645,0.2948814332485199,1.2523503610491753,0.02943139337003231,0.39431092143058777,0.3483375608921051,0.14703871309757233,0.33323174715042114
21,1.0356190260350704,0.03861992806196213,0.519330620765686,0.08202416449785233,0.10757974535226822,0.28806447982788086,1.5269176244735718,0.034676216542720795,0.648694634437561,0.3414820730686188,0.14848314225673676,0.35358157753944397
22,0.9667383754253387,0.03911390155553818,0.46370288729667664,0.07548418641090393,0.10100104659795761,0.2874363362789154,1.594409709572792,0.03133491426706314,0.6128028631210327,0.4207528829574585,0.15219604969024658,0.3773229718208313
23,0.935992127507925,0.03149724379181862,0.4483271539211273,0.07583070546388626,0.09861711412668228,0.28172019124031067,1.1962034252285958,0.0456351712346077,0.34051162004470825,0.36125752329826355,0.12956804037094116,0.3192310333251953
24,0.9078814089596271,0.03510186821222305,0.42376288771629333,0.07291550934314728,0.09849318116903305,0.27760782837867737,1.218554686009884,0.026972267776727676,0.46707698702812195,0.2772309482097626,0.12432259321212769,0.3229518532752991
25,0.9867163760066032,0.04386962577700615,0.49165529012680054,0.07351849973201752,0.09702229499816895,0.2806505858898163,1.196464930176735,0.05067066848278046,0.31684523820877075,0.3634161651134491,0.14585207402706146,0.3196808993816376
26,0.9099830296635628,0.037146832793951035,0.428459495306015,0.0706438273191452,0.0979575663805008,0.27577534317970276,1.2741353940963744,0.02103375270962715,0.4636281132698059,0.3367873430252075,0.1309863030910492,0.32169973850250244
27,0.9437799064218998,0.03413575887680054,0.4656012952327728,0.069344662129879,0.09599050879478455,0.27870771288871765,1.1072101616859436,0.029055792838335037,0.30511370301246643,0.3204023838043213,0.12366944551467896,0.3289688527584076
28,0.8999859602153302,0.03419982269406319,0.4167359173297882,0.06756149232387543,0.09847903251647949,0.2830098867416382,1.4236931681632996,0.02494669146835804,0.527816891670227,0.39349520206451416,0.1396062970161438,0.3378280699253082
29,0.9283705601394177,0.03385518118739128,0.45370522141456604,0.06961127370595932,0.09350048750638962,0.277698278427124,0.9895909544825554,0.022452786564826965,0.3076750636100769,0.23465324938297272,0.11076777428388596,0.3140421211719513
30,0.9261833886802197,0.0381871722638607,0.45994317531585693,0.06638453900814056,0.09074000269174576,0.27092859148979187,1.3611577838659286,0.024415427818894386,0.5643929839134216,0.3180970847606659,0.12948070466518402,0.3247714936733246
31,0.8842869005203247,0.029645944014191628,0.425484836101532,0.06374458223581314,0.09244856238365173,0.2729627788066864,1.196674438714981,0.02880188077688217,0.4045593738555908,0.2856120765209198,0.1365998387336731,0.34110110998153687
32,0.9812279261350632,0.03403624892234802,0.515839159488678,0.06434012204408646,0.09218079596757889,0.2748316824436188,1.2401657646894455,0.04245392978191376,0.3535213768482208,0.36856308579444885,0.13352930545806885,0.3420982360839844
33,0.8976930001676082,0.03151071071624756,0.4434957504272461,0.060633592307567596,0.09151564538478851,0.27053728699684143,1.2791154888272285,0.025343330577015877,0.4284609854221344,0.3692469298839569,0.1321881264448166,0.32387620210647583
34,1.0127677560448647,0.03261128067970276,0.5622053742408752,0.0675402581691742,0.08729583024978638,0.26311489939689636,1.1932026934623718,0.028417544439435005,0.4957234859466553,0.2409249097108841,0.11187612265348434,0.3162606358528137
35,0.8088573196679354,0.030929960310459137,0.36803048849105835,0.06407720595598221,0.08541222661733627,0.2604074478149414,1.1762200060486794,0.02909442037343979,0.3722998797893524,0.3542710542678833,0.1212925985455513,0.2992619276046753
36,0.8811191513240337,0.03083024173974991,0.42919352650642395,0.06245872378349304,0.09128499031066895,0.2673516571521759,1.2920708045363427,0.026809923350811005,0.5138477087020874,0.3135090470314026,0.12631753087043762,0.3115866184234619
37,0.8976662156283856,0.03493928909301758,0.4578246474266052,0.06189645081758499,0.08375099301338196,0.25925499200820923,1.1919677421450614,0.04494534432888031,0.39143988490104675,0.29756787419319153,0.13574767112731934,0.32226693630218506
38,0.9283537082970142,0.03817594051361084,0.4847968816757202,0.05809889733791351,0.08479936420917511,0.2624824345111847,1.0843303495645522,0.019198356196284294,0.40721991658210754,0.2405223250389099,0.11694459617137909,0.3004450500011444
39,0.894081201851368,0.033584095537662506,0.46140074729919434,0.05509595945477486,0.08542995899915695,0.25857043266296387,1.0830276453495025,0.02701392024755478,0.4078468084335327,0.22718393802642822,0.1301901787519455,0.2907928228378296
40,0.9014838820397854,0.030999626964330673,0.46003249287605286,0.05897381901741028,0.08647403120994568,0.26500409841537476,1.1909375889599323,0.02594698593020439,0.4964313507080078,0.275414377450943,0.10848715156316757,0.2846578359603882
41,0.8638973151743412,0.03141862526535988,0.4365881085395813,0.059262000024318695,0.08223101496696472,0.2543974816799164,1.0894324615597726,0.028834519907832146,0.3857822120189667,0.27324625849723816,0.10480540245771408,0.296764075756073
42,0.8226117064654828,0.035611022263765335,0.39180198311805725,0.05782950669527054,0.08054418116807938,0.2568248510360718,1.1864875349402428,0.03523777425289154,0.45037955045700073,0.2714567482471466,0.1141604334115982,0.3152531385421753
43,0.8193805825710296,0.033628545701503754,0.40352052450180054,0.05171223729848862,0.0787515938282013,0.25176775455474854,1.1980863586068153,0.026692604646086693,0.36275699734687805,0.36849889159202576,0.1242954283952713,0.31584256887435913
44,0.8395914106667042,0.03546390309929848,0.4160347282886505,0.05038857087492943,0.0819297656416893,0.25577446818351746,1.1785770279169083,0.020220737904310226,0.4784633219242096,0.2979639172554016,0.10465466231107712,0.2772744297981262
45,0.8017342273294926,0.033023905009031296,0.3922458291053772,0.0503607876598835,0.0789504200220108,0.2471534013748169,1.084025326371193,0.024774346500635147,0.42210471630096436,0.23105545341968536,0.11863306909799576,0.28745776414871216
46,0.7640402790606022,0.02930620312690735,0.35855770111083984,0.05270054191350937,0.07840205729007721,0.24507376551628113,1.1660721047222615,0.029996346682310104,0.4199490249156952,0.2786974012851715,0.12619705498218536,0.3112322986125946
47,0.8786062954962254,0.030760357156395912,0.4576047360897064,0.05352308973670006,0.08284106105566025,0.2538768947124481,1.0086324205994606,0.02158164791762829,0.3511902987957001,0.2627049386501312,0.0988050177693367,0.27435052394866943
48,0.8108921374380589,0.032147835940122604,0.39596036076545715,0.05829227343201637,0.07849882543087006,0.24599283933639526,1.1139311653375625,0.025843745097517967,0.3836112916469574,0.3145220875740051,0.10839846730232239,0.2815555930137634
49,0.8145772730261087,0.03179144486784935,0.4226585626602173,0.04917890578508377,0.07318504899740219,0.23776334524154663,0.862915315926075,0.0237883273512125,0.29346975684165955,0.18294906616210938,0.09730682522058487,0.26540133357048035
50,0.8142909072637557,0.029053546488285065,0.4068313241004944,0.04797583073377609,0.07816019654273987,0.25227004289627075,1.1194587633013726,0.031023560091853142,0.40799400210380554,0.262932687997818,0.10888928174972534,0.30861926078796387
51,0.8091750965416431,0.03161962330341339,0.41923341155052185,0.04535974934697151,0.07433710247278214,0.23862501978874207,1.004521051645279,0.025787457823753357,0.3026747405529022,0.2764517068862915,0.10939076542854309,0.290216326713562
52,0.7800267708301544,0.029372159391641617,0.3839972913265228,0.048640888184309006,0.07413800805807114,0.2438785284757614,1.1654943001270295,0.02438351698219776,0.47510936856269836,0.2534424662590027,0.11333674192428589,0.29922229051589966
53,0.8026940654814243,0.03844904527068138,0.39850282669067383,0.045408621430397034,0.0781605988740921,0.24217285215854645,1.1000808724761009,0.0345638282597065,0.44657841324806213,0.2403213381767273,0.09849559515714645,0.2801216244697571
54,0.7321305808424949,0.0270678773522377,0.3490818738937378,0.04564749449491501,0.07138767838478088,0.23894549906253815,0.9423521021008492,0.025761092081665993,0.21853843331336975,0.3056817054748535,0.10311450809240341,0.28925633430480957
55,0.7896519614756108,0.03343204781413078,0.4040129482746124,0.05072314292192459,0.07098463177680969,0.2304990440607071,0.9495093980431557,0.01961774192750454,0.3724498748779297,0.20955371856689453,0.09179994463920593,0.25608816742897034
56,0.736820365190506,0.03090893104672432,0.3482716381549835,0.04547875374555588,0.07403663545846939,0.23812435567378998,1.1705934035778045,0.021703161299228668,0.5258789658546448,0.2509462535381317,0.10118304938077927,0.2708819508552551
57,0.7404323260486126,0.027075443416833878,0.3644554018974304,0.04447244107723236,0.07050080597400665,0.2339281439781189,1.0974136063456534,0.029722066596150398,0.5043286085128784,0.2206089049577713,0.08941973000764847,0.2533343434333801
58,0.8048037439584732,0.027946515008807182,0.420575886964798,0.047391053289175034,0.07263052463531494,0.23625962436199188,1.019765065908432,0.02682296745479107,0.32152053713798523,0.26063185930252075,0.1103760227560997,0.3004137873649597
59,0.7834573690295219,0.028937889263033867,0.41489946842193604,0.04093300923705101,0.06831680983304977,0.23037000000476837,1.042375257909298,0.026839153841137886,0.3940185606479645,0.23437610268592834,0.10510209947824478,0.28203946352005005
60,0.7748465211242437,0.034602195024490356,0.4027732014656067,0.04031659662723541,0.068183034658432,0.22897151112556458,0.9550929179787636,0.034695375710725784,0.3923627734184265,0.1681891232728958,0.09435489773750305,0.2654908299446106
61,0.7910239648222923,0.03298172727227211,0.4265259802341461,0.043860264122486115,0.06630055606365204,0.22135525941848755,1.1999881172180176,0.030550388619303703,0.5085365176200867,0.2739720046520233,0.10083038359880447,0.28609877824783325
62,0.8194891176819802,0.029416780918836594,0.45621949434280396,0.04389220103621483,0.06547820568084717,0.2244824767112732,0.927819912135601,0.022267334163188934,0.3098539412021637,0.23298262059688568,0.0945277214050293,0.26818835735321045
63,0.7682381405830383,0.030358009040355682,0.39835473895072937,0.03960509970784187,0.07125093042850494,0.22866928577423096,0.899929296374321,0.017277369275689125,0.30363941192626953,0.23019492626190186,0.09302294999361038,0.25579458475112915
64,0.6778605280518532,0.029102828353643417,0.317547082901001,0.04195788502693176,0.06483815610408783,0.22441452741622925,1.0335530349612236,0.0225258469581604,0.48585450649261475,0.17912307381629944,0.0930517390370369,0.25299790501594543
65,0.7314566117227077,0.029185445979237556,0.3688456118106842,0.04256013408303261,0.06592992693185806,0.22493530809879303,0.9152230352163315,0.02504524402320385,0.3530886769294739,0.18765702843666077,0.08285654336214066,0.26657551527023315
66,0.7427553006410599,0.02929290011525154,0.3876745402812958,0.04035288095474243,0.06635976582765579,0.21907539665699005,1.064473606944084,0.01953895576298237,0.40005606412887573,0.2658926844596863,0.10705778002738953,0.271928071975708
67,0.720598012894392,0.02805161662399769,0.362627774477005,0.04141896218061447,0.06543725728988647,0.22306230664253235,0.9138326096534729,0.0289139561355114,0.3533114492893219,0.19358457624912262,0.08266056329011917,0.25536197423934937
68,0.7011307283341884,0.029273372143507004,0.3492189645767212,0.03949865326285362,0.06327855587005615,0.21986132860183716,0.9521417862176895,0.023221546784043312,0.4109162986278534,0.1771032214164734,0.09383238852024078,0.2470683604478836
69,0.763556521832943,0.03020312450826168,0.4016813635826111,0.03948375582695007,0.06975551694631577,0.22243274748325348,0.9727358868718148,0.02374899946153164,0.3823606073856354,0.2085426151752472,0.09527632594108582,0.26280733942985535
70,0.761570298999548,0.031016087159514427,0.40787193179130554,0.03874330222606659,0.06508243083953857,0.2188565880060196,0.904627810716629,0.02391514740884304,0.33632808923721313,0.19712209701538086,0.08992592990398407,0.2573365271091461
71,0.7067832343280316,0.026265155524015427,0.3634888827800751,0.03602650389075279,0.061853181570768356,0.2191496342420578,1.0819704112410546,0.021589158102869987,0.3688220679759979,0.31124430894851685,0.1064632385969162,0.2738516628742218
72,0.7784080656170845,0.03352480009198189,0.4234831631183624,0.038704462349414825,0.06534773111343384,0.21734806895256042,0.7601046402752399,0.026369135826826096,0.28457891941070557,0.15070480108261108,0.07127299904823303,0.22717884182929993
73,0.7363281610012055,0.029083888977766037,0.39187100529670715,0.044648054987192154,0.06086909770965576,0.20985594391822815,0.8973806044459343,0.02861165441572666,0.3744896948337555,0.15558142960071564,0.08645156025886536,0.25224635004997253
74,0.7223491261303425,0.031413376331329346,0.36293062567710876,0.03676833584904671,0.06765911728143692,0.22357770800590515,0.8041669699549675,0.017878683283925056,0.3221943974494934,0.14402127265930176,0.0787515789270401,0.24132099747657776
75,0.6945223743766546,0.02827596105635166,0.36788102984428406,0.03468956798315048,0.05893663689494133,0.20473894476890564,1.040427705347538,0.02445301227271557,0.47741612792015076,0.20568649470806122,0.08695877343416214,0.24591335654258728
76,0.7938854165673256,0.024700745940208435,0.4599780738353729,0.03616563230752945,0.06167316436767578,0.21136806905269623,1.1658541095256805,0.026705803349614143,0.5162284970283508,0.25211581587791443,0.0957358181476593,0.2750682532787323
77,0.7745602831989526,0.03186029568314552,0.42863693833351135,0.03678201511502266,0.06349508464336395,0.21378615498542786,0.9694356161355973,0.027386963367462158,0.3606097102165222,0.22122178971767426,0.09320993721485138,0.26700717210769653
78,0.7386014228761196,0.028505710884928703,0.4017379581928253,0.040806643664836884,0.06057523936033249,0.2069758176803589,0.9400848487019539,0.027778014540672302,0.3461025655269623,0.24576595425605774,0.08350774645805359,0.23693056404590607
79,0.7028224359750748,0.028181159868836403,0.37039676308631897,0.03869394212961197,0.05919412523508072,0.2063562124967575,1.0594237783551217,0.02666528709232807,0.44646593928337097,0.26564034819602966,0.08580547571182251,0.23484671115875244
80,0.6928633194267749,0.02931535616517067,0.3663704991340637,0.03525634482502937,0.05972808599472046,0.2021932303905487,0.8476778322458267,0.02121279016137123,0.34613552689552307,0.17618948221206665,0.07689985632896423,0.22724021971225739
81,0.697094556927681,0.026582591235637665,0.3603985011577606,0.0361575148999691,0.061281267553567886,0.21267487108707428,0.9944913233816624,0.023177314549684525,0.4169690012931824,0.19767305254936218,0.09500154852867126,0.26167041063308716
82,0.776389555156231,0.030906980857253075,0.44183048605918884,0.037168554961681366,0.059756506234407425,0.20672723650932312,0.8700604251027108,0.023681648075580597,0.3016040325164795,0.1861255019903183,0.0949057787656784,0.26374343037605286
83,0.7264186192452907,0.033872414380311966,0.383047878742218,0.037033721804618835,0.06275534629821777,0.20970913767814636,0.9186375522613526,0.022482607513666153,0.3658527731895447,0.2237139493227005,0.08124474436044693,0.2253434956073761
84,0.6876561775803566,0.02866687998175621,0.34987735748291016,0.03209928423166275,0.061495475471019745,0.2155171036720276,0.8835147023200989,0.022769536823034286,0.34408116340637207,0.1735042780637741,0.09069729596376419,0.2524624764919281
85,0.7571342084407806,0.029783010482788086,0.4256020486354828,0.03295978531241417,0.060251787304878235,0.20853731036186218,1.0233691340684892,0.016138827428221703,0.43994641304016113,0.2451925128698349,0.07955390214920044,0.2425374984741211
86,0.7322215488553048,0.03264100104570389,0.40112799406051636,0.03695734962821007,0.0578097403049469,0.20368552207946777,1.1123504519462586,0.029027828946709633,0.49807626008987427,0.23974110186100006,0.08782067894935608,0.25768446922302246
87,0.7200440917313099,0.029440179467201233,0.3888889253139496,0.038305483758449554,0.05762668699026108,0.20578299462795258,0.8670678725838661,0.02637443318963051,0.3782140016555786,0.15696129202842712,0.07522964477539062,0.23028838634490967
88,0.7279985623955727,0.029659278690814972,0.39795830845832825,0.03988064080476761,0.05912630259990692,0.20137393474578857,0.9506257906556129,0.021037129685282707,0.3837273418903351,0.21511629223823547,0.0873270034790039,0.24341808259487152
89,0.7353446519076824,0.03130128234624863,0.4090966582298279,0.03439592942595482,0.057852890342473984,0.20269794762134552,0.8615909627079964,0.01950317993760109,0.3210226893424988,0.2074642777442932,0.08262289315462112,0.2309778779745102
90,0.7119811215102673,0.027939561754465103,0.38973739743232727,0.03278643265366554,0.0588311105966568,0.2026865929365158,0.9348814064264297,0.02531377226114273,0.35974881052970886,0.23470477759838104,0.08010470122098923,0.2350093424320221
91,0.6652463089823722,0.023244764655828476,0.35037973523139954,0.032623592764139175,0.05704932287335396,0.2019491046667099,0.9977375113964081,0.026079799979925156,0.4076734781265259,0.22207307815551758,0.09162978082895279,0.25028136372566223
92,0.7562284364551306,0.03438936546444893,0.4230414032936096,0.037277232855558395,0.057515375316143036,0.20400495827198029,1.0998375618457794,0.028706224635243416,0.500996470451355,0.22411246597766876,0.09272441267967224,0.25329792499542236
93,0.7790108744204044,0.02950376644730568,0.45478588342666626,0.035288006067276,0.058571867644786835,0.20086140930652618,0.8833749105036258,0.020325813442468643,0.41778069734573364,0.1710953563451767,0.06455133855342865,0.20962171256542206
94,0.6480873128771782,0.029253603890538216,0.32583069801330566,0.033148132264614105,0.05922043323516846,0.20063452422618866,0.7240661537647247,0.017489995807409286,0.27562350034713745,0.14192065596580505,0.07054144889116287,0.21849048137664795
95,0.7488894472271204,0.028724027797579765,0.43471524119377136,0.03363056108355522,0.05702819675207138,0.19479124248027802,0.9493844535946846,0.029574694111943245,0.36978739500045776,0.20988056063652039,0.09322932362556458,0.24691246449947357
96,0.6973548344224691,0.024873502552509308,0.38965949416160583,0.03255347162485123,0.054563261568546295,0.1957051157951355,0.8958060932159424,0.036010388284921646,0.40243789553642273,0.16083382070064545,0.06768450140953064,0.2288394719362259
97,0.7119264932125807,0.02989521436393261,0.3927995264530182,0.03378397226333618,0.057553455233573914,0.19789452850818634,0.8561639094352722,0.02248440682888031,0.39613983035087585,0.13454218208789825,0.07757966220378876,0.2254178673028946
98,0.6978144277185202,0.026972053572535515,0.3935893476009369,0.031776063144207,0.052679143846035004,0.1927976906299591,0.8951158228516579,0.022924210876226425,0.4342772364616394,0.15271760523319244,0.06609238684177399,0.2191043645143509
99,0.643688382178545,0.02779134176671505,0.33863702416419983,0.02931060828268528,0.053326550871133804,0.19462260603904724,0.9132386744022369,0.024503812193870544,0.3238777220249176,0.2551096975803375,0.07970226556062698,0.23004509508609772
100,0.711227694183588,0.025596369057893753,0.39169204235076904,0.031362902373075485,0.05864391475915909,0.20393261313438416,0.7703430008888245,0.020783813670277596,0.284175306558609,0.16602541506290436,0.06946249306201935,0.22989600896835327
101,0.6913287778496742,0.029836982488632202,0.37816062569618225,0.031180432066321373,0.055234603583812714,0.19691604375839233,0.731151314675808,0.0222109816968441,0.2708362340927124,0.14948558807373047,0.07172714173793793,0.2168913334608078
102,0.6423407209515571,0.02250797674059868,0.3387145400047302,0.030676191672682762,0.056456055492162704,0.19398610293865204,1.0100803765654565,0.03860572353005409,0.4267732501029968,0.21257391571998596,0.08250304311513901,0.24962440133094788
103,0.6591530189365149,0.025991348549723625,0.3559092879295349,0.029183486476540565,0.054784178733825684,0.19328482449054718,0.9893874663114548,0.02922680787742138,0.5111350417137146,0.16103185713291168,0.07243169099092484,0.21556207537651062
104,0.6414269901365042,0.027311548590660095,0.33665937185287476,0.031651172786951065,0.054348964244127274,0.1914558708667755,0.8910601460933685,0.018919141963124275,0.4428592026233673,0.13438230752944946,0.07209689915180206,0.22280257940292358
105,0.619351987734437,0.02619744837284088,0.32377973198890686,0.03077511303126812,0.0501616895198822,0.18843819200992584,0.8854929879307747,0.02603527531027794,0.33288252353668213,0.21060821413993835,0.07432576268911362,0.24164119362831116
106,0.714213299781084,0.025105129927396774,0.41480714082717896,0.03210768476128578,0.05250031501054764,0.1896929144859314,0.8359988322854042,0.019525758922100067,0.3459220826625824,0.18581749498844147,0.06868410855531693,0.2160494029521942
107,0.6492378994822502,0.025404978543519974,0.34776538610458374,0.030208107084035873,0.05347151681780815,0.19238804280757904,0.6713856376707554,0.02125982753932476,0.26168161630630493,0.11753402650356293,0.06320755183696747,0.20770257711410522
108,0.6628991194963455,0.027569666504859924,0.3706037998199463,0.02734333649277687,0.04995167255401611,0.1874305158853531,0.8328030437231064,0.02737114019691944,0.30042290687561035,0.19407209753990173,0.07148762047290802,0.23944932222366333
109,0.6730879021137953,0.026290636509656906,0.3689332604408264,0.027606746181845665,0.055258601903915405,0.19499848783016205,0.9565882962942124,0.023707007989287376,0.42250800132751465,0.2057913839817047,0.07913465052843094,0.2254471629858017
110,0.7147932322025299,0.03290460631251335,0.403638631105423,0.030047040432691574,0.054854534566402435,0.19334837794303894,0.8463274627923966,0.02349221520125866,0.3438354432582855,0.18182726204395294,0.07515628635883331,0.22201621532440186
111,0.6865287898033857,0.028362276032567024,0.38897329568862915,0.02828390710055828,0.05127643048763275,0.1896330714225769,0.898233787715435,0.02152063138782978,0.42928943037986755,0.17580671608448029,0.06922704726457596,0.20238997042179108
112,0.6166361809968949,0.027972511947155,0.3258507549762726,0.027415985241532326,0.05055568367242813,0.18484127521514893,0.829944674372673,0.0282449871301651,0.29814690351486206,0.19839783012866974,0.07731979340314865,0.22783523797988892
113,0.6717249138355255,0.029253575950860977,0.36789971590042114,0.030666330829262733,0.051827121526002884,0.19207820296287537,0.9232425759732723,0.024619825184345245,0.4403578042984009,0.17549043893814087,0.06734759360551834,0.21542701125144958
114,0.7000081026256084,0.02920309454202652,0.4010114371776581,0.03083457238972187,0.05181533843278885,0.18714365363121033,0.8507067865133285,0.022641312330961227,0.3617756962776184,0.1735697239637375,0.07618595659732819,0.21653421223163605
115,0.6347829731106758,0.029528887942433357,0.33750855922698975,0.032317351549863815,0.04830038547515869,0.18712776899337769,0.8108647885918617,0.018349509686231613,0.34360840916633606,0.16821271181106567,0.06640218198299408,0.2142920047044754
116,0.6203774327635765,0.025914767757058144,0.3417023718357086,0.02676091156899929,0.04728410765528679,0.1787150353193283,0.7353414469957351,0.02122972160577774,0.31149056553840637,0.15687239170074463,0.050833262503147125,0.1949155628681183
117,0.6680833285003901,0.028553567826747894,0.36872023344039917,0.030112996697425842,0.05118267983198166,0.18951380252838135,0.8525214776396751,0.028365926817059517,0.3859311640262604,0.14187641441822052,0.07109694182872772,0.22525101900100708
118,0.5863155671358109,0.02340373583137989,0.30013418197631836,0.023422613739967346,0.05220850557088852,0.18714666366577148,1.086544045805931,0.020392103120684624,0.5309780240058899,0.21694716811180115,0.07996127009391785,0.23826538026332855
119,0.6761315495073795,0.03569846227765083,0.3819219470024109,0.02512952871620655,0.050177693367004395,0.18320384621620178,0.8890679541230202,0.023559175431728363,0.34660956263542175,0.21575360000133514,0.0795866996049881,0.2235589176416397
120,0.6921044240742922,0.0250374935567379,0.41280078887939453,0.026418432593345642,0.047756128013134,0.1800917387008667,0.7580925393104553,0.0168297216296196,0.3310970366001129,0.1455887407064438,0.05886071175336838,0.20571620762348175
121,0.6146847202777862,0.025683138519525528,0.32267504930496216,0.027236469089984894,0.051010966300964355,0.18807902932167053,0.9097133627533913,0.02550555020570755,0.4336561858654022,0.1407068371772766,0.07491309940814972,0.23493166267871857
122,0.6589839156419038,0.025343555957078934,0.36403873562812805,0.025951074436306953,0.05386770889163017,0.18978288769721985,0.7211604815721512,0.01717860996723175,0.3195025324821472,0.12728281319141388,0.06064383685588837,0.19655263423919678
123,0.6768753948062658,0.031017687171697617,0.3817064166069031,0.028064968064427376,0.04945530369877815,0.1866309493780136,0.8422577086091042,0.024720627814531326,0.3330114483833313,0.1802903711795807,0.07652004063129425,0.22771523892879486
124,0.6943038797080516,0.024461155757308006,0.41076138615608215,0.029012614861130714,0.04956328496336937,0.18050548434257507,0.9506273353099823,0.027111876755952835,0.43183639645576477,0.19861754775047302,0.07355950027704239,0.21950198709964752
125,0.6256538137048483,0.02763684280216694,0.33597835898399353,0.023755334317684174,0.05082865059375763,0.18745474517345428,0.6659959325194359,0.023813258856534958,0.23186606168746948,0.1289396584033966,0.0687255710363388,0.21265138685703278
126,0.6321650178432464,0.025379879400134087,0.34655770659446716,0.025993220508098602,0.05130131170153618,0.18293289840221405,0.8617150458693504,0.020727232098579407,0.4101787209510803,0.16939355432987213,0.0636916309595108,0.19772382080554962
127,0.6472910137921571,0.022085057571530342,0.37083742022514343,0.026761915534734726,0.04897797480225563,0.17862872779369354,0.8861552256345749,0.022472800686955452,0.35972484946250916,0.19648489356040955,0.07678874582052231,0.2306838184595108
128,0.6391044644415379,0.03162797912955284,0.34416553378105164,0.026157451793551445,0.05007392540574074,0.1870795637369156,0.8171777758002281,0.020769137889146805,0.3341590464115143,0.15430407226085663,0.07922108471393585,0.22872453927993774
129,0.6212326110005378,0.02262221835553646,0.3390282094478607,0.02649783156812191,0.04969241842627525,0.18339179456233978,0.8907617381215096,0.029904091730713844,0.3575555384159088,0.1986481249332428,0.07710926234722137,0.22754471004009247
130,0.6055119733810425,0.02655387483537197,0.3178684413433075,0.027853362262248993,0.050350528210401535,0.1828857660293579,0.6962105587124825,0.016356293112039566,0.26112639904022217,0.1531386822462082,0.061750076711177826,0.20383915305137634
131,0.6717148900777101,0.02388954348862171,0.38970130681991577,0.025670494884252548,0.04938119277358055,0.18307244777679443,0.9344446422159671,0.01985667645931244,0.4392226040363312,0.17527218163013458,0.06632835417985916,0.23376482725143433
132,0.6209798556864261,0.025547606870532036,0.33846932649612427,0.02639477513730526,0.047968540340662,0.1825994998216629,0.7574587526917458,0.02116370014846325,0.3264662027359009,0.14278702437877655,0.06361499428749084,0.2034267634153366
133,0.6255317912697792,0.0244354996830225,0.3484610319137573,0.024466149508953094,0.04850788787007332,0.17966113984584808,0.7786026147007942,0.015346539206802845,0.3960138261318207,0.10539299994707108,0.06162673607468605,0.20022247731685638
134,0.6779460291266441,0.024640312418341637,0.40333229303359985,0.024654418230056763,0.04758264869451523,0.1777362823486328,0.7703550744056702,0.03127259761095047,0.29976025223731995,0.16181041300296783,0.06620680540800095,0.2113049477338791
135,0.6167718051224947,0.02457338571548462,0.34709328413009644,0.024792302399873734,0.04657023772597313,0.17374248802661896,0.818230237364769,0.021352384239435196,0.35569190979003906,0.16171352565288544,0.06958775222301483,0.20988473296165466
136,0.6232393691390753,0.025326604023575783,0.34696823358535767,0.024698542430996895,0.04722565785050392,0.17902043461799622,0.8148763501644134,0.023292284458875656,0.3827885091304779,0.1474294662475586,0.061691369861364365,0.19967474043369293
137,0.5897626968026162,0.025192998349666595,0.31113091111183167,0.025340501219034195,0.048174720257520676,0.17992356419563293,0.7023927882313729,0.016422446817159653,0.35429468750953674,0.08617735654115677,0.05524517968297005,0.19025300443172455
138,0.7292678560912609,0.02766560949385166,0.4459315836429596,0.02755056880414486,0.04885731264948845,0.17926277220249176,0.7903829565644265,0.02478400059044361,0.35894638299942017,0.13598503172397614,0.0632515698671341,0.20741598308086395
139,0.617932501733303,0.024029476568102837,0.33826708793640137,0.026692837476730347,0.04917874559760094,0.1797642856836319,0.924773924946785,0.020491117611527443,0.42859891057014465,0.19187146425247192,0.06805643439292908,0.21575593948364258
140,0.5954859211742878,0.024655159562826157,0.3228503465652466,0.023919079452753067,0.04712853953242302,0.17693278193473816,0.7608156317472458,0.020968163385987282,0.295213907957077,0.15542490780353546,0.07070138305425644,0.21850723028182983
141,0.6429072570949793,0.02844562940299511,0.3642934262752533,0.024444861337542534,0.04865722358226776,0.1770661622285843,0.7305348797142506,0.01941290684044361,0.31984663009643555,0.12100325524806976,0.06622516363859177,0.20404687523841858
142,0.6688656349182129,0.024927722290158272,0.3980679512023926,0.024002542719244957,0.04622634872794151,0.17564114928245544,0.8294929853081703,0.01914716325700283,0.3764742910861969,0.16147249937057495,0.06557776778936386,0.2068212926387787
143,0.6369596079140901,0.028084266930818558,0.35629504919052124,0.023970553651452065,0.04797918722033501,0.18063071370124817,0.8680223822593689,0.02413061074912548,0.3725932836532593,0.1765768826007843,0.07151775807142258,0.22320379316806793
144,0.6632190929055214,0.024027707055211067,0.3898201584815979,0.02575874887406826,0.04663882032036781,0.17697347700595856,0.8665647408366204,0.02808312699198723,0.4718196392059326,0.11304653435945511,0.055571235716342926,0.19804418087005615
145,0.6181864838004112,0.021959444507956505,0.3555904030799866,0.02228572964668274,0.04659932479262352,0.171751469373703,0.7453314536809921,0.025586165487766266,0.3062542974948883,0.14653456211090088,0.0659150779247284,0.2010413557291031
146,0.6471765471100808,0.02658616006374359,0.3716946840286255,0.026350168511271477,0.046869032084941864,0.17567643523216248,0.6465692181885242,0.01879829913377762,0.26350364089012146,0.12127827852964401,0.05591699481010437,0.1870720237493515
147,0.5729969814270734,0.022721368819475174,0.31680014729499817,0.023045651614665985,0.04290140047669411,0.1675284206867218,0.7917411530017853,0.024066578596830368,0.35569053888320923,0.15439032018184662,0.06524293124675751,0.19235077500343323
148,0.6203686143010855,0.02553279884159565,0.34887364506721497,0.023839212954044342,0.04762526601552963,0.17449764907360077,0.7454497250914573,0.027485312893986702,0.30693432688713074,0.1450490951538086,0.060391783714294434,0.205589160323143
149,0.6070890146642923,0.0251773614436388,0.34475937485694885,0.021094417199492455,0.04325290396809578,0.17280493676662445,0.8107240280508995,0.028848305344581604,0.2801109552383423,0.22300654649734497,0.07218874245882034,0.20656941831111908
150,0.6744219627976418,0.02821493148803711,0.3981364965438843,0.025992434471845627,0.04488939419388771,0.17718863487243652,0.8019952908158302,0.025118274614214897,0.4199894070625305,0.10986301302909851,0.05623896047472954,0.19078560173511505
151,0.64246984295547,0.022138744592666626,0.38075098395347595,0.02419614978134632,0.04365316405892372,0.17173074185848236,0.869788301885128,0.02147298865020275,0.45510536432266235,0.12652701139450073,0.06211242824792862,0.20457041263580322
152,0.6236351130455733,0.026207488030195236,0.35122060775756836,0.023023206740617752,0.0489666648209095,0.17421717941761017,0.900203345566988,0.023281831294298172,0.4886966645717621,0.1292833685874939,0.06091548502445221,0.19802600145339966
153,0.71897478556633,0.030142568051815033,0.4421374201774597,0.025434523820877075,0.04640355706214905,0.17485658824443817,0.8661786366999149,0.02630840800702572,0.3565741777420044,0.20551368594169617,0.07043105363845825,0.20735126733779907
154,0.5607293055802584,0.026702113449573517,0.3026145398616791,0.021665960550308228,0.042136259377002716,0.16761039197444916,0.5541662111878395,0.03048003278672695,0.200307235121727,0.0874909982085228,0.04962798207998276,0.18625999987125397
155,0.574875805914402,0.02569478191435337,0.3051108419895172,0.024294273927807808,0.046023935079574585,0.173752099275589,0.8520181983709335,0.024721020832657814,0.39332467317581177,0.1620040386915207,0.0656595453619957,0.20630896091461182
156,0.6017053556740284,0.02354629524052143,0.3352738916873932,0.023043140769004822,0.0445932000875473,0.1752486675977707,0.8398827131092549,0.01964610256254673,0.4536060392856598,0.104840949177742,0.06036953628063202,0.2014201134443283
157,0.6257653117179871,0.02501201070845127,0.36354386806488037,0.02291974611580372,0.04379860684275627,0.1704910695552826,0.8049932935833931,0.017462054267525673,0.37991419434547424,0.14060193300247192,0.06520640105009079,0.20180875062942505
158,0.6879150127917528,0.025461621582508087,0.41672560572624207,0.02341555804014206,0.04832125082612038,0.1739908754825592,0.9046236237883568,0.029048774391412735,0.42596733570098877,0.17753919959068298,0.06291526556015015,0.20915311574935913
159,0.6101807839125395,0.025086816400289536,0.3426995277404785,0.023637590929865837,0.04470468685030937,0.1740521639585495,0.8775053429603576,0.021012619137763977,0.4045965075492859,0.16988195478916168,0.07130158692598343,0.21071265637874603
160,0.6106229404062032,0.0257616825401783,0.3538834750652313,0.02230348251760006,0.041306283324956894,0.16736817359924316,0.9100175201892853,0.017004843801259995,0.43686923384666443,0.18304342031478882,0.06341669708490372,0.20968323945999146
161,0.6039923722743988,0.024922112002968788,0.3331754505634308,0.025497615337371826,0.048535123467445374,0.17186219990253448,0.6260108634829521,0.019321780651807785,0.2707200348377228,0.1053498163819313,0.05025754123926163,0.18036162853240967
162,0.6006128441989422,0.022423936054110527,0.34203866124153137,0.022634174674749374,0.04395664110779762,0.16955937445163727,0.77014711946249,0.01735488697886467,0.312445729970932,0.15310554206371307,0.07543831318616867,0.2118026614189148
163,0.5903824070692062,0.025523081421852112,0.3271758556365967,0.01982688158750534,0.046368375420570374,0.17148825526237488,0.7349489203095436,0.01982024870812893,0.32073459029197693,0.1310988962650299,0.063331738114357,0.19996345043182373
164,0.5811130312979221,0.027084005996584892,0.3182395100593567,0.022490212693810463,0.04548674076795578,0.1678125560283661,0.8129196327924728,0.01617121323943138,0.3527015447616577,0.1915551722049713,0.05768433213233948,0.19480733573436737
165,0.647015019774437,0.024109283462166786,0.392337828874588,0.021723246201872826,0.043435048311948776,0.16540947556495667,0.7349803990125656,0.019074250012636185,0.2798691987991333,0.17172092199325562,0.06208289787173271,0.20223316550254822
166,0.6316215256899596,0.032897043973207474,0.36569494009017944,0.024142500013113022,0.04331471398472786,0.16557233035564423,0.7260083135962486,0.021516092121601105,0.3579059839248657,0.105594702064991,0.05887575447559357,0.18211573362350464
167,0.5905788409858942,0.023687496781349182,0.33845943212509155,0.024099085479974747,0.041547879576683044,0.16278478503227234,0.8316073510050773,0.021384647116065025,0.44528284668922424,0.11680470407009125,0.05590223893523216,0.1922329068183899
168,0.6203484472930432,0.025186624377965927,0.3574906289577484,0.022159559652209282,0.045819297432899475,0.16969235241413116,0.7215294525027275,0.019288090988993645,0.34729331731796265,0.1144137755036354,0.057153090834617615,0.18338117003440857
169,0.5916304117739201,0.023122495040297508,0.33481767773628235,0.022465964779257774,0.043641045689582825,0.167583167552948,0.8042200115323067,0.019772306084632874,0.30418023467063904,0.19134990870952606,0.07080065459012985,0.21811693906784058
170,0.5527437374144792,0.021679241210222244,0.29844358563423157,0.02412070333957672,0.04275268688797951,0.16574755311012268,0.7316659298539162,0.020814945921301842,0.3081826865673065,0.1402360200881958,0.06239983066916466,0.20003245770931244
171,0.6311799227297306,0.029838355258107185,0.3709501028060913,0.0212758369743824,0.04271509498357773,0.16640062630176544,0.8232121935486794,0.0175075251609087,0.4202347695827484,0.12894149124622345,0.057487618178129196,0.19904080033302307
172,0.5677122043371201,0.02598666027188301,0.31206318736076355,0.02112913876771927,0.04267488792538643,0.16585825383663177,0.7719440002739429,0.016862059012055397,0.32066670060157776,0.16050273180007935,0.0654122605919838,0.20850026607513428
173,0.6389141143411398,0.023631811141967773,0.38669353723526,0.0214602779597044,0.0413479283452034,0.1657804548740387,0.5816459131240844,0.02160302922129631,0.2546749711036682,0.08433382958173752,0.044420428574085236,0.17661361396312714
174,0.581337977334857,0.02510601468384266,0.32389703392982483,0.020816873759031296,0.0425010584294796,0.16901718080043793,0.7736038671433926,0.03199297934770584,0.23732896149158478,0.23406735062599182,0.06566698849201202,0.20454752445220947
175,0.6408305999487639,0.027035608887672424,0.380690336227417,0.021784747019410133,0.044729601591825485,0.16659019887447357,0.8952478018403053,0.018828608095645905,0.5266916155815125,0.11928921937942505,0.053797949105501175,0.17664045095443726
176,0.5782733254879713,0.021910179406404495,0.3327775299549103,0.02091238647699356,0.040994469076395035,0.161678746342659,0.8728507816791534,0.01919076219201088,0.4717562198638916,0.11623518168926239,0.06587626785039902,0.19979237020015717
177,0.7060602540671825,0.024687988683581352,0.4521840810775757,0.020911650732159615,0.04298526048660278,0.16529136896133423,0.7817535623908043,0.020906109362840652,0.3855593502521515,0.1280023455619812,0.05595770850777626,0.1913280487060547
178,0.6206878997832537,0.02694256417453289,0.3514643907546997,0.023128829896450043,0.04553737863898277,0.17361482977867126,0.8534195390343666,0.02244780771434307,0.4648219048976898,0.11161153018474579,0.05318031460046768,0.20135802030563354
179,0.5838026165962219,0.028156114742159843,0.31940290331840515,0.02150030806660652,0.045650895684957504,0.16909241676330566,0.6092762990295887,0.01846861094236374,0.20022575557231903,0.13992656767368317,0.06059747189283371,0.1900578737258911
180,0.5876358376592398,0.02263910323381424,0.3369830548763275,0.01978108286857605,0.044269245117902756,0.16396331787109375,0.783015470802784,0.022165454924106598,0.3464832305908203,0.1690274029970169,0.058798108249902725,0.18654122948646545
181,0.5806008801162242,0.021833810955286026,0.3315443992614746,0.020975559949874878,0.0420900397002697,0.16415715217590332,0.7224808052182198,0.019540658220648766,0.35585030913352966,0.09752539545297623,0.05814008787274361,0.19142436981201172
182,0.5716643719673157,0.02879004180431366,0.311504602432251,0.020943833515048027,0.042723290622234344,0.16770242154598236,0.7475539648532867,0.02210148423910141,0.33795803785324097,0.13081808388233185,0.06487894803285599,0.1917974352836609
183,0.5969929713755846,0.027247201651334763,0.3455717861652374,0.019575897604227066,0.04103940725326538,0.1635587364435196,0.6971025723218918,0.021709447726607323,0.33303120732307434,0.11616060882806778,0.046787478029727936,0.17941388487815857
184,0.5588530873060227,0.02192865125834942,0.3157397210597992,0.019966814666986465,0.04165404289960861,0.15956373512744904,0.787573439180851,0.018741508945822716,0.37166133522987366,0.15194766223430634,0.059227000921964645,0.18599598109722137
185,0.5906641882508993,0.022817855700850487,0.33665552735328674,0.022789008915424347,0.04374096915125847,0.16466088593006134,0.7540633097290993,0.01963530108332634,0.30162951350212097,0.14804314076900482,0.067618228495121,0.21713711321353912
186,0.5697371719777584,0.02353384532034397,0.3185878098011017,0.02129863016307354,0.04179909825325012,0.16451792418956757,0.816284708082676,0.024383295327425003,0.4194258749485016,0.12898258864879608,0.05608649179339409,0.18740642070770264
187,0.5755145527124405,0.023788848891854286,0.3266076147556305,0.020180940628051758,0.04168623313307762,0.16325075924396515,0.7483483074605465,0.02824081853032112,0.3388546109199524,0.11846308410167694,0.06573867052793503,0.19705110788345337
188,0.5373045398592949,0.022016819566488266,0.2884639799594879,0.018176788464188576,0.04296697676181793,0.16568000614643097,0.6729127848148346,0.01835905946791172,0.3017908036708832,0.10580311715602875,0.05897403135895729,0.18798580765724182
189,0.5737366920262575,0.025965694338083267,0.32031604647636414,0.01976671628654003,0.04330741986632347,0.16438095271587372,0.9661877000331879,0.02032848633825779,0.4993973970413208,0.1751261204481125,0.0682595819234848,0.20307618379592896
190,0.6024960898905992,0.020666029304265976,0.36119455099105835,0.018642831593751907,0.03972862288355827,0.16226419806480408,0.7325045359134674,0.02206656150519848,0.3786287009716034,0.10244093835353851,0.05320240184664726,0.17616593837738037
191,0.5907977003157139,0.02216525375843048,0.3490663468837738,0.01799844391644001,0.04019792005419731,0.16137009859085083,0.6409074771404266,0.017616290599107742,0.2824835479259491,0.10534898936748505,0.05264725163578987,0.18281137943267822
192,0.5358383187949658,0.023978281766176224,0.2858908176422119,0.018911371007561684,0.04271570220589638,0.16434217989444733,0.909737897515297,0.025978999212384224,0.49356457591056824,0.1352899968624115,0.0641322210431099,0.19077210128307343
193,0.5984843245893717,0.030851440504193306,0.3455663025379181,0.01880660466849804,0.041319601237773895,0.1619403064250946,0.7536331984400749,0.020746471360325813,0.37882739305496216,0.10351582616567612,0.05602818354964256,0.19451530277729034
194,0.5580014123767615,0.032969363033771515,0.2995527386665344,0.01939496397972107,0.04239592328667641,0.16368810832500458,0.8577646717429162,0.02425522729754448,0.42810770869255066,0.1500471979379654,0.06140194088220596,0.1939525604248047
195,0.5882556255757808,0.025816570967435837,0.3399278223514557,0.019020332023501396,0.04097209498286247,0.16251876950263977,0.895598157942295,0.022304516285657883,0.4162924885749817,0.16664308309555054,0.07612971216440201,0.2142283320426941
196,0.601584855273366,0.022148387506604195,0.3585652709007263,0.0167890302836895,0.04231645539402962,0.16176572442054749,0.593734844326973,0.015591125935316086,0.25780537724494934,0.09434923529624939,0.04997244477272034,0.17601662874221802
197,0.586605018183589,0.025410041213035583,0.33672913908958435,0.02007516846060753,0.04048848897218704,0.16390208899974823,0.731761125177145,0.026348823681473732,0.33538419008255005,0.1264147311449051,0.05707487463951111,0.18653854727745056
198,0.5883668408840894,0.022555362433195114,0.3417183756828308,0.019775623455643654,0.04085766524076462,0.1634596735239029,0.7664536109566689,0.02182632125914097,0.39235854148864746,0.11229469627141953,0.05408380925655365,0.18589018285274506
199,0.5648362167179585,0.025988193228840828,0.3140518069267273,0.019420944154262543,0.042792096734046936,0.1625831127166748,0.7690576940774918,0.019308172166347504,0.38112640380859375,0.124970942735672,0.05664677917957306,0.18700546026229858
200,0.5324640249162912,0.02603962831199169,0.28658372163772583,0.019019151106476784,0.040249478071928024,0.16057197749614716,0.7377268025279045,0.025240018963813782,0.3081776797771454,0.15174689888954163,0.06155042350292206,0.19101178646087646
201,0.6713155669271946,0.02552356943488121,0.4260455369949341,0.01877005025744438,0.04079865664243698,0.1601777970790863,0.5782278192043304,0.020810741931200027,0.26558709144592285,0.08434953540563583,0.04784432798624039,0.15963612496852875
202,0.6007412695735693,0.024760933592915535,0.3568338453769684,0.02004275843501091,0.04041597619652748,0.15868796408176422,0.907261841148138,0.026918895542621613,0.455079585313797,0.15781743824481964,0.06350146234035492,0.20394442975521088
203,0.5423175649493933,0.018774935975670815,0.3100179433822632,0.017452502623200417,0.039930310100317,0.15614187717437744,0.7774645110964775,0.01975775882601738,0.37808382511138916,0.13209930062294006,0.057973094284534454,0.18955054879188538
204,0.5446391463428736,0.0197156872600317,0.3052176237106323,0.01980637200176716,0.03918144106864929,0.1607179194688797,0.5621164734661579,0.019346686080098152,0.1934826672077179,0.11291597038507462,0.05174367129802704,0.1846274733543396
205,0.5211957418322564,0.0194677896797657,0.29230210185050964,0.015830861404538155,0.03767513483762741,0.15592002868652344,0.48125303387641905,0.013396259397268295,0.18708264827728271,0.07176672667264938,0.04229327663779259,0.16671410202980042
206,0.5865150455981493,0.023865116760134697,0.33924373984336853,0.0189055148512125,0.041603416204452515,0.16289736330509186,0.6629815658926964,0.021584732457995415,0.25366637110710144,0.12457872182130814,0.059343043714761734,0.2038087397813797
207,0.5259208113700151,0.02186763472855091,0.28533345460891724,0.01855584792792797,0.039696257561445236,0.160467728972435,0.8787883734703064,0.017268801108002663,0.5058243870735168,0.10657434165477753,0.056074753403663635,0.19304604828357697
208,0.5598043592423201,0.025487663224339485,0.31396257877349854,0.01817673072218895,0.04164300113916397,0.16053427755832672,0.7791637453436852,0.022876251488924026,0.37575218081474304,0.11646921187639236,0.06770557165145874,0.1963605135679245
209,0.5165626946687698,0.019889073446393013,0.2858080267906189,0.01642615534365177,0.03811991587281227,0.15631960332393646,0.6352791494131088,0.014159593731164932,0.2573082745075226,0.12815797328948975,0.05809898301959038,0.17755433917045593
210,0.5632756159603596,0.02450801059603691,0.3209306001663208,0.018541572615504265,0.0398707240819931,0.15942470729351044,0.850634323656559,0.023055044934153557,0.4394461512565613,0.15248490869998932,0.053987279534339905,0.18166093528270721
211,0.5908923739492893,0.02439279481768608,0.35373207926750183,0.020860066637396812,0.03806961327791214,0.1538376361131668,0.7275574785470963,0.015533771365880966,0.3002166152000427,0.14561577141284943,0.06462187319993973,0.20156940817832947
212,0.4887722005695105,0.020808523520827293,0.2590281069278717,0.01968567632138729,0.03610019013285637,0.15314966440200806,0.7126007798314095,0.023103371262550354,0.37024030089378357,0.1064150258898735,0.04906251281499863,0.16377955675125122
213,0.5503838274478913,0.02133896015584469,0.31675779819488525,0.018780015408992767,0.037686772644519806,0.15582045912742615,0.6325599972903728,0.02043907158076763,0.25343286991119385,0.10817248374223709,0.052602510899305344,0.19791309535503387
214,0.5627897140681744,0.022527316585183144,0.3331191837787628,0.017100121825933456,0.03739844262599945,0.152644544839859,0.7300671745836734,0.018427208065986633,0.3586220145225525,0.12391092628240585,0.052010998129844666,0.17709602415561676
215,0.5089185438007117,0.01873938739299774,0.2799466550350189,0.01573200523853302,0.03953832760453224,0.1549621820449829,0.667066650390625,0.017130274325609207,0.3147604465484619,0.08851859718561172,0.05692806839942932,0.18972930312156677
216,0.6166162166744471,0.027342569082975388,0.364241361618042,0.019346388056874275,0.04419136047363281,0.16149476170539856,0.7963885889947414,0.01856447011232376,0.43236660957336426,0.1031837910413742,0.05516931414604187,0.18710443377494812
217,0.5839294343739748,0.02772856131196022,0.34031549096107483,0.019696874544024467,0.04022722318768501,0.15596109628677368,0.8441901472210884,0.018039939925074577,0.4238987863063812,0.1415848433971405,0.06394140422344208,0.19672521948814392
218,0.5675582704395056,0.02331622503697872,0.3347548842430115,0.016063963994383812,0.03845234215259552,0.15497073531150818,0.574071743041277,0.020703375339508057,0.22874830663204193,0.10146187990903854,0.050641704350709915,0.17251648008823395
219,0.5449451477080584,0.024189257994294167,0.3034670650959015,0.01914031058549881,0.04135898873209953,0.15678957104682922,0.7662991420924663,0.02016739919781685,0.37852999567985535,0.13506387174129486,0.052588824182748795,0.17994900047779083
220,0.5506387767940759,0.01848994940519333,0.32126951217651367,0.01818789169192314,0.038015905767679214,0.1546756625175476,0.6139200019836426,0.0182367954403162,0.22985179722309113,0.12084093689918518,0.054342661052942276,0.19064782559871674
221,0.5356557173430919,0.02903730608522892,0.30091243982315063,0.017165908589959145,0.03623543307185173,0.1523045003414154,0.7951438955962657,0.018798643723130226,0.43094539642333984,0.11778093129396439,0.05450907349586487,0.17310985922813416
222,0.5329647424370051,0.021637987345457077,0.30509859323501587,0.017848948016762733,0.03634271398186684,0.15203657746315002,0.6755791290104389,0.018733670935034752,0.3074641823768616,0.11117058992385864,0.0569273978471756,0.18128329515457153
223,0.5636124978512526,0.024292901158332825,0.3198716640472412,0.01912355236709118,0.04085254669189453,0.15947218239307404,0.7749596248567104,0.025822211056947708,0.3702329397201538,0.1564360111951828,0.049589838832616806,0.17287860810756683
224,0.5097482914030552,0.023445136845111847,0.2756027281284332,0.01580384187400341,0.039144255220890045,0.15575239062309265,0.8469474391639232,0.01908998377621174,0.4483209550380707,0.14821867644786835,0.053451694548130035,0.17786605656147003
225,0.47316070878505706,0.02052934467792511,0.2358454465866089,0.019075686112046242,0.040601201355457306,0.15710903704166412,0.8289040863513947,0.021264759823679924,0.33768948912620544,0.192228302359581,0.06591128557920456,0.21181024610996246
226,0.5552593149095774,0.027083970606327057,0.3126593232154846,0.018556473776698112,0.0392773374915123,0.15768198668956757,0.5819632172584533,0.022324901074171066,0.27935269474983215,0.07491669803857803,0.047296296805143356,0.1580726057291031
227,0.5373657803982497,0.024348396807909012,0.3042348027229309,0.017021678388118744,0.03620123490691185,0.1555597186088562,0.6719496694207191,0.026439417153596878,0.3026731610298157,0.0999884232878685,0.05348658561706543,0.18936210870742798
228,0.514485087916255,0.022100206464529037,0.2795329689979553,0.017091594636440277,0.03919508680701256,0.15656521916389465,0.6610146296024323,0.0159380454570055,0.31323641538619995,0.10542596876621246,0.04683474451303482,0.1795794516801834
229,0.5353741286993027,0.028599783778190613,0.2970086634159088,0.0181175097823143,0.037819866091012955,0.1538282185792923,0.5702413815259934,0.022224867716431618,0.23979736864566803,0.08547888696193695,0.05191761627793312,0.17082267999649048
230,0.5666164359748364,0.024853767827153206,0.3255905210971832,0.018580980598926544,0.03911970183253288,0.15847153961658478,0.9191099002957344,0.02817573957145214,0.4442158639431,0.18945501744747162,0.0621085986495018,0.19515471160411835
231,0.5511966044306755,0.022172797471284866,0.31721463799476624,0.018037477508187294,0.03886117413640022,0.15491031110286713,0.599963056743145,0.015572670847177505,0.23890922963619232,0.11968810111284256,0.05014900118112564,0.1756441295146942
232,0.5373147110193968,0.022151457145810127,0.3062286376953125,0.01699378527700901,0.038255661725997925,0.15368512272834778,0.7073211552202702,0.023861045017838478,0.3183196485042572,0.12536996603012085,0.05386160686612129,0.18590885400772095
233,0.6039369340538978,0.021459000185132027,0.36930352449417114,0.018906069919466972,0.03830758109688759,0.15596076846122742,0.739112200140953,0.022091295570135117,0.3892989456653595,0.0912952646613121,0.052933305501937866,0.18349339067935944
234,0.6308887207508087,0.027048440650105476,0.393136203289032,0.018975229933857918,0.03818466141819954,0.15354429185390472,0.8567229083180428,0.020035946741700172,0.4133863151073456,0.17420713603496552,0.06337957084178925,0.185713991522789
235,0.583076338276267,0.028003258630633354,0.3474867641925812,0.01693568378686905,0.03809692710638046,0.15255342423915863,0.660160805284977,0.01977754384279251,0.3447060286998749,0.08308200538158417,0.042256105691194534,0.17033910751342773
236,0.5936742890179157,0.02269727736711502,0.35411641001701355,0.019614947959780693,0.03992769867181778,0.15731805562973022,0.7595143231749535,0.015138331800699234,0.4687650799751282,0.06650633364915848,0.04325767606496811,0.16584689915180206
237,0.5249941818118096,0.024276265874505043,0.2915295660495758,0.01648867502808571,0.03834785893559456,0.15435169637203217,0.7855224639177323,0.02017218805849552,0.38698604702949524,0.13189776241779327,0.059675928205251694,0.18679048120975494
238,0.5978059720695019,0.02680651657283306,0.3560646176338196,0.020297972485423088,0.04105100408196449,0.1535860300064087,0.7541741284728051,0.020753009244799614,0.36071720719337463,0.14462174475193024,0.053068023175001144,0.17501422762870789
239,0.5284483127743006,0.021836495026946068,0.2982528805732727,0.017740119248628616,0.03780640289187431,0.15281227231025696,0.6472704973816872,0.020158551633358,0.20369666814804077,0.17024260759353638,0.06469728797674179,0.18847531080245972
240,0.5529262823015452,0.026253046467900276,0.3175291121006012,0.01696157082915306,0.03818046301603317,0.15400224924087524,0.6306455326080322,0.021510638296604156,0.28844040632247925,0.09502019733190536,0.050677403807640076,0.17499689757823944
241,0.5965158436447382,0.02343791164457798,0.36378470063209534,0.017693394795060158,0.03801045939326286,0.1535893678665161,0.5580487060546875,0.02206510491669178,0.24935749173164368,0.0733918696641922,0.04617349058389664,0.1670607626438141
242,0.563178960070014,0.025393176823854446,0.3259525001049042,0.017433548346161842,0.039306070655584335,0.15509338676929474,0.7827306464314461,0.02771119773387909,0.3516678512096405,0.1549338549375534,0.06300601363182068,0.1854117214679718
243,0.5384332944005727,0.02226082794368267,0.31593719124794006,0.016822686418890953,0.03639655187726021,0.14701618254184723,0.7260484853386879,0.02359854243695736,0.3288365602493286,0.140385240316391,0.05019542574882507,0.18303270637989044
244,0.5708494377434253,0.024107675999403,0.3393208086490631,0.017593447118997574,0.03677039220929146,0.1530570387840271,0.7217171359062194,0.03452111780643463,0.36333006620407104,0.09635196626186371,0.04861840233206749,0.1788954734802246
245,0.5848542787730694,0.025082137435674667,0.3442147374153137,0.018647868186235428,0.03988918289542198,0.15702031552791595,0.5679358200728893,0.020740080624818802,0.24241939187049866,0.09909042716026306,0.04245779663324356,0.1632281243801117
246,0.582507961794734,0.025769151747226715,0.34772637486457825,0.018756479024887085,0.03875970095396042,0.15149624645709991,0.65254130423069,0.01746375672519207,0.2789895534515381,0.12362723052501678,0.053708337247371674,0.17875240743160248
247,0.5433195832371712,0.024453599005937576,0.3050585091114044,0.017117632552981377,0.03855392709374428,0.1581360399723053,0.6875855401158333,0.018429728224873543,0.3195156157016754,0.1243361383676529,0.05100652575492859,0.17429755628108978
248,0.5409962745904923,0.023472914472222328,0.3174859881401062,0.0165309589356184,0.034972093999385834,0.14853432774543762,0.8979263226687908,0.018456364050507545,0.5259164571762085,0.11600174754858017,0.05227649584412575,0.18527525663375854
249,0.5987272594124079,0.024142028763890266,0.36854976415634155,0.019402047619223595,0.036921121180057526,0.14971236884593964,0.8192408622801304,0.022602291777729988,0.3557603061199188,0.18327070772647858,0.06192054599523544,0.19568701088428497
250,0.5456862643659115,0.025692805647850037,0.3137727677822113,0.017325954511761665,0.03619334474205971,0.1527012288570404,0.7151667106151581,0.0202199574559927,0.3370891809463501,0.11845602095127106,0.05817223712801933,0.18122924864292145
251,0.5457235371619463,0.022865597158670425,0.31188780069351196,0.016516871750354767,0.0379762127995491,0.15647722780704498,0.6408303098380566,0.0165333840996027,0.26657092571258545,0.1182977706193924,0.052725762128829956,0.18670253455638885
252,0.5619528725147247,0.026554595679044724,0.3238881528377533,0.01768830046057701,0.04047444462776184,0.15334708988666534,0.7216629153490066,0.013728666119277477,0.43718206882476807,0.06863710284233093,0.04052293300628662,0.16159212589263916
253,0.562299033164978,0.02138715423643589,0.3300197720527649,0.017908141016960144,0.038992490619421005,0.1539914757013321,0.6965639260411263,0.01663571037352085,0.34416571259498596,0.09444505721330643,0.0588979497551918,0.1824195235967636
254,0.5759534062892199,0.025029256939888,0.3467402160167694,0.01652393862605095,0.037676360458135605,0.14998355507850647,0.7783946877717972,0.01651272363960743,0.35183754563331604,0.1678141951560974,0.05717414990067482,0.18505613505840302
255,0.5249095875769854,0.024027584120631218,0.2994563579559326,0.01650911383330822,0.034245312213897705,0.1506710946559906,0.7256426896154881,0.017179805785417557,0.33034980297088623,0.13363026082515717,0.05838054046034813,0.18610233068466187
256,0.560125721693039,0.022786427289247513,0.33094528317451477,0.01645217277109623,0.03676767647266388,0.15317414700984955,0.6800753949582576,0.01856663078069687,0.36629435420036316,0.07922990620136261,0.04478443041443825,0.17120008170604706
257,0.5263925924450159,0.02119738794863224,0.29680150747299194,0.016424233093857765,0.03773432970046997,0.1542349010705948,0.6194635166227818,0.023283634334802628,0.2533490061759949,0.11740363389253616,0.050167202949523926,0.1752600222826004
258,0.5114235200434923,0.022392310202121735,0.2897503972053528,0.01649009995162487,0.03367265686392784,0.14911805093288422,0.6860044649243355,0.020360106602311134,0.3407772481441498,0.10349852591753006,0.048729535192251205,0.17263910174369812
259,0.5519139523208141,0.024512633681297302,0.3188812732696533,0.017558705061674118,0.037962112575769424,0.152999147772789,0.6862483829259872,0.022714555263519287,0.25774142146110535,0.15629936754703522,0.06028322875499725,0.18920980393886566
260,0.5256061700731516,0.02244151197373867,0.2982160747051239,0.017170600593090057,0.03700421005487442,0.1507737785577774,0.7536590184271336,0.016086004674434662,0.42572733759880066,0.09695231169462204,0.04570173844695091,0.1691916286945343
261,0.4981111831963062,0.0218657273799181,0.2720366418361664,0.016284924000501633,0.036316629499197006,0.15160714089870453,0.8327426521480084,0.026481056585907936,0.42846009135246277,0.1403476893901825,0.05778411775827408,0.17966972291469574
262,0.48691877247393134,0.022475164383649826,0.26332440972328186,0.017837390303611755,0.03616861253976822,0.1471131294965744,0.5882735639810562,0.012583361007273197,0.2949811816215515,0.07245219498872757,0.04618864879012108,0.162068173289299
263,0.540298974007368,0.020420610904693604,0.32721760869026184,0.016958769410848618,0.03279242664575577,0.14290960133075714,0.6324635672569275,0.021301042288541794,0.220986008644104,0.13797639310359955,0.05448756739497185,0.1977125108242035
264,0.5140062995702028,0.023345574736595154,0.2826744616031647,0.015535349026322365,0.037611331790685654,0.15483969449996948,0.7653411674499512,0.02443852461874485,0.41179341077804565,0.10584746301174164,0.04905272647738457,0.1742091178894043
265,0.537250320136547,0.022255118936300278,0.3141282796859741,0.017818273976445198,0.03604118525981903,0.14700746536254883,0.7871873824298382,0.027095699682831764,0.4143330752849579,0.11342208087444305,0.057713113725185394,0.17462335526943207
266,0.5336517234742642,0.02842266857624054,0.3025575280189514,0.01775398664176464,0.03595389053225517,0.14896367490291595,0.8285021987557412,0.023420220240950584,0.3774002492427826,0.17107874155044556,0.054474517703056335,0.20212846994400024
267,0.5183364221900701,0.022723136469721794,0.28980138897895813,0.016250664368271828,0.039713867008686066,0.14984744787216187,0.7195846730470657,0.01618378423154354,0.3713214099407196,0.09638037532567978,0.05488811060786247,0.18081097304821014
268,0.5293885872513056,0.022661341354250908,0.3014940917491913,0.018329644575715065,0.03792930766940117,0.1489741951227188,0.9021347269415856,0.01770566590130329,0.4934874475002289,0.144188791513443,0.05884554982185364,0.18790730834007263
269,0.5673900445252656,0.02240237221121788,0.33773183822631836,0.01729756034910679,0.03735218197107315,0.15260615944862366,0.6545362628996372,0.02568499743938446,0.30577459931373596,0.10382986813783646,0.045995116233825684,0.17325162887573242
270,0.5023669010847807,0.020650282502174377,0.2742779552936554,0.015586480498313904,0.036875899881124496,0.15497636795043945,0.7596292868256569,0.01923036016523838,0.3619239032268524,0.1488228738307953,0.056311313062906265,0.1733408123254776
271,0.5455358368009329,0.024654775857925415,0.3243752717971802,0.015576768666505814,0.034238092601299286,0.14669108390808105,0.6459379789233207,0.02702138014137745,0.2832092046737671,0.09194958955049515,0.05717920884490013,0.18657860159873962
272,0.540542564228177,0.025609895586967468,0.3117436170578003,0.01580655761063099,0.03826022520661354,0.14912216365337372,0.5520449729263782,0.018599968403577805,0.22142376005649567,0.09647246450185776,0.046886567026376724,0.16866222023963928
273,0.4853714747428894,0.0193699449300766,0.25999921560287476,0.016041666269302368,0.03804536908864975,0.1519152820110321,0.8813718467950821,0.023063652217388153,0.4989391267299652,0.12555061280727386,0.05121290683746338,0.18260549008846283
274,0.6144932345300913,0.027112415060400963,0.386054128408432,0.016197312623262405,0.035798780620098114,0.14933061599731445,0.7997442062199116,0.02060532011091709,0.49541839957237244,0.07259026914834976,0.04301004111766815,0.1681201308965683
275,0.5568724553138018,0.025187503546476364,0.32787376642227173,0.019395535811781883,0.0353565514087677,0.14905892312526703,0.6160033106803894,0.01474544033408165,0.2674734890460968,0.10356426984071732,0.055560287088155746,0.1746598780155182
276,0.5365567633211613,0.024311402812600136,0.31025636196136475,0.016588326543569565,0.036218445748090744,0.1491822451353073,0.6811912681162358,0.02516699954867363,0.32557007670402527,0.11566112190485,0.04735840857028961,0.16743473708629608
277,0.5663970822989941,0.022543247789144516,0.3408042788505554,0.01623675413429737,0.036945175379514694,0.14986778795719147,0.7062302921712399,0.01710275560617447,0.310100257396698,0.15111792087554932,0.0532270111143589,0.17468231916427612
278,0.531896209731698,0.02056880295276642,0.3077463209629059,0.016108036041259766,0.03855537995696068,0.14891767501831055,0.7711032828688622,0.01601412147283554,0.4039301574230194,0.10389948636293411,0.05948160961270332,0.18777787685394287
279,0.560909966751933,0.023541847243905067,0.33226025104522705,0.016215788200497627,0.038475990295410156,0.15041613578796387,0.7175722862780094,0.022924255579710007,0.4172267019748688,0.06562472134828568,0.04161745682358742,0.1701790988445282
280,0.529323549926281,0.02543780207633972,0.30079612135887146,0.014409700408577919,0.03723748028278351,0.15144237875938416,0.7783267894387245,0.020537760108709335,0.38639670610427856,0.13220758736133575,0.051981426775455475,0.1872033327817917
281,0.5536382837295533,0.02569987252354622,0.3343885838985443,0.014080899767577648,0.03359641134738922,0.14587271213531494,0.6661513811349868,0.020540976896882057,0.3019750118255615,0.11166882514953613,0.057204242795705795,0.17476226389408112
282,0.5442863012254238,0.024263769388198853,0.31801584362983704,0.016954241320490837,0.03512778878211975,0.149924635887146,0.7425001466274261,0.016903521493077278,0.38003721833229065,0.10320856422185898,0.05986667051911354,0.18248413503170013
283,0.5463141886293889,0.02527705766260624,0.31699222326278687,0.0162345003336668,0.036455150693655014,0.1513553112745285,0.6652386885881424,0.024418704211711884,0.32453277707099915,0.10121918469667435,0.049548812210559845,0.16551928222179413
284,0.5274730802625418,0.021434234455227852,0.31417983770370483,0.015345640480518341,0.033479344099760056,0.1430339217185974,0.7104558292031288,0.021804338321089745,0.3508653938770294,0.12278329581022263,0.04930455982685089,0.16569827497005463
285,0.5280849450826645,0.01883557066321373,0.3128020763397217,0.018760662525892258,0.03420928865671158,0.14347726106643677,0.7584563913941383,0.014989100396633148,0.32608017325401306,0.16082870960235596,0.06664443016052246,0.1899140477180481
286,0.5099031499326229,0.02388392575085163,0.293006032705307,0.014858086593449116,0.03370922431349754,0.14444582164287567,0.6091870179772377,0.015412450768053532,0.34036335349082947,0.06105479225516319,0.04114028438925743,0.15121614933013916
287,0.5383388995528221,0.022595170885324478,0.31939083337783813,0.014630372636020184,0.03438882902264595,0.14733369648456573,0.700259632319212,0.016152160242199898,0.364248126745224,0.1094987615942955,0.049806274473667145,0.16055427491664886
288,0.5412431145757437,0.021849876269698143,0.3252256214618683,0.014979341067373753,0.03487570583820343,0.14431257545948029,0.8166246670484543,0.01913287863135338,0.3757025897502899,0.1613249033689499,0.06493501365184784,0.1955292671918869
289,0.5107942875474691,0.023082759231328964,0.28998038172721863,0.015154832974076271,0.03500375896692276,0.1475726068019867,0.5839007884263993,0.022156991064548492,0.28311794996261597,0.08589941263198853,0.043034542351961136,0.1496918797492981
290,0.5401134099215269,0.020782802253961563,0.31882143020629883,0.01709298975765705,0.03826265037059784,0.1451537013053894,0.6869389143586159,0.02171909064054489,0.3344598710536957,0.1079537644982338,0.05843530222773552,0.16437086462974548
291,0.49018009048700334,0.02032659202814102,0.26651889085769653,0.01662612520158291,0.03741841018199921,0.14928998053073883,0.8608693400025368,0.017460202798247337,0.46322622895240784,0.14323195815086365,0.05254622548818588,0.184404656291008
292,0.5563208061605692,0.023389369249343872,0.33109721541404724,0.01610432006418705,0.03708743304014206,0.1486424058675766,0.6693977998197078,0.01764020510017872,0.3443697690963745,0.09131444245576859,0.050948623567819595,0.16512475907802582
293,0.5159360806941986,0.023791300132870674,0.3007084131240845,0.014952006749808788,0.03325841203331947,0.14322596788406372,0.7430882143974304,0.01656300202012062,0.4099651575088501,0.09071925282478333,0.05074678361415863,0.17509403824806213
294,0.4829117427021265,0.018721947446465492,0.2703256607055664,0.014639823697507381,0.034537479281425476,0.14468687772750854,0.510170342028141,0.012702446430921555,0.18953067064285278,0.09285278618335724,0.046961404383182526,0.1681230366230011
295,0.5509899118691682,0.02463412657380104,0.3286774158477783,0.016465626657009125,0.03626514598727226,0.14494749903678894,0.8225162041187286,0.016003768891096115,0.43019476532936096,0.15537816286087036,0.0521283894777298,0.16881109774112701
296,0.44539464002847673,0.020943429321050644,0.23279693722724915,0.015132113359868526,0.03278867155313492,0.14373359084129333,0.703587384223938,0.028644919395446777,0.29985126852989197,0.1418178230524063,0.051950279623270035,0.1813230663537979
297,0.5383283892571926,0.0244514811784029,0.31651365756988525,0.014123175293207169,0.035766150802373886,0.14747391641139984,0.7503253175318241,0.017598969861865044,0.4032353162765503,0.11363205313682556,0.04724642261862755,0.1686125546693802
298,0.5064876024872065,0.023598747327923775,0.28029096126556396,0.016504334285855293,0.03530649468302727,0.15078705549240112,0.7325971665978431,0.025511151179671288,0.36115750670433044,0.10881467163562775,0.05702773109078407,0.18008612096309662
299,0.5945373506247997,0.023633494973182678,0.37116995453834534,0.014835389330983162,0.036252301186323166,0.14864639937877655,0.6791768279671669,0.021053217351436615,0.2896360456943512,0.1338784396648407,0.056588247418403625,0.1780208796262741
300,0.586999782949686,0.025473900139331818,0.3669268786907196,0.016280027106404305,0.03349902108311653,0.1448199301958084,0.5732070147991181,0.022532247006893158,0.25469550490379333,0.0871458426117897,0.044217273592948914,0.1646161675453186
301,0.5171020087152719,0.024978861212730408,0.2859296500682831,0.016042236238718033,0.039017025381326675,0.15113423764705658,0.9697480136156083,0.016482600942254066,0.5841365456581116,0.1358671933412552,0.05224534124135971,0.18101637065410614
302,0.49261512356996534,0.02234594151377678,0.28390589356422424,0.01430395245552063,0.032155122607946396,0.1399044245481491,0.7287469637393952,0.01892112009227276,0.42257770895957947,0.08193979412317276,0.04857684671878815,0.1567315310239792
303,0.5408291516304016,0.025009555742144585,0.3184359073638916,0.016734346747398376,0.03612537309527397,0.14452417194843292,0.6442999717593193,0.018605729565024376,0.3202928304672241,0.09840156883001328,0.045544061809778214,0.16145581007003784
304,0.564359834626317,0.021848704665899277,0.3468947410583496,0.015037926845252514,0.034927066415548325,0.14565153419971466,0.6889640298485756,0.022052068263292313,0.28884512186050415,0.137142613530159,0.059769392013549805,0.18115481734275818
305,0.5467850995063782,0.02494753524661064,0.326148122549057,0.016306469216942787,0.03467885032296181,0.14470404386520386,0.6653032585978508,0.016642455011606216,0.31931358575820923,0.1163739562034607,0.04726571962237358,0.16570758819580078
306,0.48636666558682917,0.024972109124064445,0.27258652448654175,0.01446899026632309,0.03240576013922691,0.14193330705165863,0.5987136888504029,0.02031775936484337,0.29857632517814636,0.07033440470695496,0.040505301207304,0.16897985339164734
307,0.49059011101722716,0.020646436139941216,0.28065037727355957,0.01416304986923933,0.0349065363407135,0.14022354781627655,0.6847609010338783,0.019585303962230682,0.3122672140598297,0.13240812718868256,0.05252619832754135,0.167974054813385
308,0.5282340197712183,0.02519623376429081,0.31308430433273315,0.01511409692466259,0.03348665311932564,0.14135277271270752,0.6986417077481747,0.015499021857976913,0.3952254056930542,0.08472120016813278,0.04391840100288391,0.15927758812904358
309,0.501331347450614,0.020367713645100594,0.2904829680919647,0.014604141935706139,0.033483926206827164,0.14239266514778137,0.8803083178400993,0.01845051720738411,0.4721955358982086,0.14819586277008057,0.053269848227500916,0.18819659948349
310,0.42555554124712947,0.017523320391774178,0.22072218358516693,0.013674350455403328,0.032985661178827286,0.14065015316009521,0.9145702342689037,0.017138881608843803,0.5076775550842285,0.1478070616722107,0.0574386827647686,0.1845080703496933
311,0.5832455892413855,0.025183098390698433,0.3601323366165161,0.013816547580063343,0.036028359085321426,0.1480853110551834,0.543316842764616,0.022077525034546852,0.2785339057445526,0.04317496344447136,0.04030625522136688,0.15922416746616364
312,0.46301705661416054,0.02061833254992962,0.2532180845737457,0.015688197687268257,0.032777089625597,0.14071528613567352,0.6353321024775505,0.01805347390472889,0.31121695041656494,0.0931611955165863,0.04633886367082596,0.16656164824962616
313,0.5357594342529773,0.022879641503095627,0.32406458258628845,0.013841366395354271,0.03276564180850983,0.1422085016965866,0.7280579544603825,0.015736008062958717,0.39515793323516846,0.10178270190954208,0.047915488481521606,0.16746582090854645
314,0.5025332462191582,0.020331531763076782,0.28220275044441223,0.014918087050318718,0.037880826741456985,0.1472000926733017,0.6404575319588184,0.018703972920775414,0.2633539140224457,0.11983536928892136,0.05300719663500786,0.18555700778961182
315,0.5706173357516527,0.0234092827886343,0.34846001863479614,0.014861347153782845,0.03760123625397682,0.14628536999225616,0.7190371446311474,0.02012893743813038,0.33557385206222534,0.1390179991722107,0.050056833773851395,0.17425954341888428
316,0.5175565749406814,0.024236369878053665,0.3087230324745178,0.014245384372770786,0.031697358936071396,0.1386546790599823,0.7485480533540249,0.020008573308587074,0.42143699526786804,0.09809065610170364,0.04786324128508568,0.16114850342273712
317,0.5369043910056353,0.023254405707120895,0.32641154527664185,0.014475647360086441,0.03238746151328087,0.1403752714395523,0.6785767677426339,0.02189059741795063,0.3426017463207245,0.09289240837097168,0.04629916697740555,0.174892857670784
318,0.549006379365921,0.02528689056634903,0.3260527551174164,0.014109855517745018,0.03618228808045387,0.14737458527088165,0.6630646635591984,0.014238820411264896,0.330036461353302,0.10171951353549957,0.04602589085698128,0.17104391753673553
319,0.5329371103644371,0.02261153981089592,0.3257201611995697,0.01468713954091072,0.032556429505348206,0.13736194372177124,0.5808598355948925,0.013564268127083778,0.28537315130233765,0.09019158035516739,0.04118240252137184,0.15054842829704285
320,0.5625822136253118,0.02982637658715248,0.34360507130622864,0.015537387691438198,0.033298563212156296,0.14031490683555603,0.7761608412861825,0.019004937261343002,0.40076103806495667,0.10504612326622009,0.05891459435224533,0.19243423640727997
321,0.5243977468758821,0.022345244884490967,0.3187922537326813,0.013862773776054382,0.030854467302560806,0.1385430246591568,0.7170753970742225,0.023059634491801262,0.3481161594390869,0.12429901957511902,0.0480964332818985,0.17350409924983978
322,0.5686570408940316,0.02507668547332287,0.3391939401626587,0.0158715657889843,0.038835249841213226,0.14967960119247437,0.5885479542613029,0.02112194150686264,0.2520017921924591,0.09153661131858826,0.04631004482507706,0.17757757008075714
323,0.550910219758749,0.02294239029288292,0.3353302776813507,0.014191326685249805,0.03498030826449394,0.14346589148044586,0.880266972631216,0.02655833028256893,0.5324708819389343,0.09690774232149124,0.04794813692569733,0.17638185620307922
324,0.5113747608661652,0.02306498773396015,0.2962789535522461,0.013869845308363438,0.033845338970422745,0.14431560039520264,0.5837239049375057,0.01947994902729988,0.2759619951248169,0.07066339254379272,0.04707891866564751,0.17053967714309692
325,0.5496212850511074,0.024987628683447838,0.34279918670654297,0.012946604751050472,0.03214408829808235,0.1367436796426773,0.6814155033230782,0.019311202690005302,0.3184601366519928,0.11835337430238724,0.054410189390182495,0.1708805114030838
326,0.4681395250707865,0.021316932514309883,0.25818634033203125,0.014453694224357605,0.03191821277141571,0.1422642022371292,0.8013964049518109,0.017461923882365227,0.4465305805206299,0.11484584212303162,0.05121195316314697,0.17134609818458557
327,0.5336758634448051,0.023433813825249672,0.3161313235759735,0.014710847288370132,0.03458031639456749,0.14481982588768005,0.6596487617492676,0.024027695879340172,0.30934780836105347,0.10064857453107834,0.04881979897618294,0.17680492997169495
328,0.5435909712314606,0.022536741569638252,0.3338043689727783,0.01474793441593647,0.03154171258211136,0.1409602016210556,0.6114345604181289,0.019090555608272552,0.3114280104637146,0.08087419718503952,0.04128505289554596,0.15875668823719025
329,0.564805269703269,0.020315663889050484,0.35304006934165955,0.016204414889216423,0.03283305838704109,0.14241191744804382,0.6533438649773597,0.01753718964755535,0.3463055491447449,0.08622437715530396,0.04040100425481796,0.16287574172019958
330,0.5066109097152949,0.02285987138748169,0.2979969084262848,0.013051637448370457,0.03232917562127113,0.140373095870018,0.6365354682505131,0.02303737960755825,0.2895852327346802,0.0989275649189949,0.0501013807952404,0.1748839020729065
331,0.4962755128592253,0.02116396278142929,0.2863048017024994,0.012449532747268677,0.03500593826174736,0.14135131239891052,0.671647888571024,0.01745479740202427,0.30794817209243774,0.12850171327590942,0.04829754680395126,0.1694456934928894
332,0.5333858026713133,0.019370365887880325,0.31512826681137085,0.015597241930663586,0.03510305657982826,0.14818675816059113,0.7696378953754902,0.017110345885157585,0.46439459919929504,0.08185391128063202,0.045821480453014374,0.1604575514793396
333,0.5320407959222794,0.021211693063378334,0.326376736164093,0.01394963264465332,0.031554706394672394,0.13894779980182648,0.6285589715838432,0.019711369648575783,0.3003547191619873,0.09706732630729675,0.04512849450111389,0.1662970930337906
334,0.5704136632233858,0.021092280745506287,0.3662445843219757,0.014018437825143337,0.03322117403149605,0.13583727180957794,0.5009616288542748,0.01771082915365696,0.15543115139007568,0.11425430327653885,0.052232760936021805,0.1613326221704483
335,0.5036175960749387,0.025125199928879738,0.29503318667411804,0.01361359003931284,0.03167879953980446,0.1381668746471405,0.7929348275065422,0.02251376584172249,0.46186837553977966,0.09509117901325226,0.0469881109893322,0.16647343337535858
336,0.5350218571722507,0.024429339915513992,0.32438719272613525,0.014835427515208721,0.03383924067020416,0.13753093779087067,0.7629974943399429,0.02382424660027027,0.42055991291999817,0.09448252618312836,0.05127763748168945,0.17285317182540894
337,0.4621570873856545,0.018091905862092972,0.2575976848602295,0.013197493739426136,0.03269881382584572,0.1405710130929947,0.6234641107916832,0.020134637132287025,0.31438809633255005,0.09359244257211685,0.0389716662466526,0.15637727081775665
338,0.527199054196477,0.019208647310733795,0.3279549181461334,0.012997348792850971,0.03119249828159809,0.13584551215171814,0.5976522161066532,0.018642865121364594,0.23432452976703644,0.10985173285007477,0.05880086496472359,0.17603224515914917
339,0.4747138241380453,0.020013606175780296,0.2705903947353363,0.013813789002597332,0.03329658880829811,0.13699939846992493,0.5411999748647213,0.015159699134528637,0.2667539119720459,0.061537016183137894,0.04064743220806122,0.15710191428661346
340,0.5239888481497764,0.021391211077570915,0.3118574917316437,0.013909497298300266,0.035355307161808014,0.14147527515888214,0.6370619550347328,0.020967505872249603,0.30063819885253906,0.09868515282869339,0.0474325567483902,0.16933855414390564
341,0.5200189972668886,0.0204575564712286,0.31238996982574463,0.014253546483814716,0.032404690980911255,0.14051322638988495,0.7187678895890712,0.015884989872574806,0.45417746901512146,0.05017225444316864,0.045596424490213394,0.15293677151203156
342,0.47099895787239077,0.02033414877951145,0.26576951146125793,0.013871509581804276,0.032452307641506195,0.13857144117355347,0.63806920170784,0.022386698052287102,0.27505993843078613,0.12001235783100128,0.047132428735494614,0.17347778379917145
343,0.5105695687830448,0.02293444611132145,0.3073607385158539,0.012780306860804558,0.031049268320202827,0.1364448517560959,0.6280993722379208,0.020486829802393913,0.27424123883247375,0.09587831795215607,0.056374941021203995,0.18111807107925415
344,0.5077098878622055,0.025518689304590225,0.2958765923976898,0.013489135541021824,0.03288584202528,0.13993948698043823,0.8600804960727692,0.02271648682653904,0.40688708424568176,0.17832238972187042,0.05847523361444473,0.1936793476343155
345,0.5722788086682558,0.025226391851902008,0.3504624664783478,0.01491046417504549,0.03516323119401932,0.14651626348495483,0.8334285090863705,0.02410300076007843,0.4999546408653259,0.0886431410908699,0.04935355484485626,0.17137418687343597
346,0.492947000131011,0.022451866418123245,0.28435567021369934,0.014504286460578442,0.03310009464621544,0.13853499293327332,0.6872310440242291,0.023619933053851128,0.40282198786735535,0.07044583559036255,0.03840550780296326,0.15193770825862885
347,0.5653499405831098,0.02242015115916729,0.3565940856933594,0.01460948120802641,0.03317980095744133,0.13854628801345825,0.6951854592561721,0.019228026270866394,0.33358147740364075,0.13154558837413788,0.04691624641418457,0.16391411423683167
348,0.5413741896897555,0.01948271319270134,0.3370496928691864,0.013645884580910206,0.034167565405368805,0.13702842593193054,1.0071256895363332,0.027361847460269928,0.6173670291900635,0.13058458268642426,0.05262785032391548,0.17918430268764496
349,0.5453994121998549,0.028862180188298225,0.32186025381088257,0.014595026150345802,0.037605661898851395,0.14247626066207886,0.5092660062015056,0.01940600760281086,0.2545248866081238,0.04689404368400574,0.03469431772828102,0.15374675393104553
350,0.4865445271730423,0.022197334095835686,0.2816479504108429,0.01490808930248022,0.03033352643251419,0.13745756447315216,0.8264149089157581,0.020364981144666672,0.5060307383537292,0.10054124891757965,0.046179961413145065,0.15329799056053162
351,0.5396304816305637,0.02149065025150776,0.3283553123474121,0.01450167503207922,0.03407447412610054,0.1412082463502884,0.6035176894068718,0.021707827225327492,0.2591010332107544,0.10893109440803528,0.055049795657396317,0.15872792899608612
352,0.4318808209896088,0.02185821533203125,0.22661934792995453,0.013907796703279018,0.03185439482331276,0.13764122128486633,0.5862856689095497,0.01833186112344265,0.3191288113594055,0.05214458331465721,0.04080616310238838,0.15587423741817474
353,0.5387330107241869,0.020937982946634293,0.32254457473754883,0.013194392435252666,0.036578401923179626,0.14547757804393768,0.7701417952775955,0.018251903355121613,0.45685872435569763,0.0895787924528122,0.045910369604825974,0.15954208374023438
354,0.5220394111722708,0.02391783334314823,0.3034643530845642,0.014347309246659279,0.03695867955684662,0.14335110783576965,0.6121255119144916,0.02520095370709896,0.23668117821216583,0.12369175255298615,0.05162588134407997,0.17492572963237762
355,0.5659002384096384,0.020733429118990898,0.3624812662601471,0.01351437158882618,0.032139576971530914,0.13703157007694244,0.6622216778993607,0.017255818471312523,0.2849583923816681,0.11708483099937439,0.057266563177108765,0.1856561303138733
356,0.5647574151903391,0.022741561755537987,0.3520965278148651,0.013581427745521069,0.033674873411655426,0.1426628679037094,0.7475170448422432,0.021346289664506912,0.4755299389362335,0.05798935517668724,0.039102330803871155,0.15354913473129272
357,0.5076539069563151,0.019312193617224693,0.3006197214126587,0.014015620574355125,0.031722817569971085,0.14198359847068787,0.6976310218870639,0.020793942734599113,0.3436412811279297,0.12067034095525742,0.04805635288357735,0.16446906328201294
358,0.5518855043798685,0.021224413067102432,0.34679847955703735,0.014798584394156933,0.03279326111078262,0.13627077639102936,0.6336696858704091,0.026712853461503983,0.2738165557384491,0.09733077138662338,0.05248507484793663,0.18332447111606598
359,0.4740718031227589,0.025520022958517075,0.2667293846607208,0.012446941807866096,0.03106537088751793,0.13831019401550293,0.5152632670104503,0.014328178018331528,0.19969047605991364,0.0956459641456604,0.04538552463054657,0.16021308302879333
360,0.5033784531652927,0.020647229626774788,0.2908783257007599,0.015986677259206772,0.033399250358343124,0.14246681332588196,0.714070413261652,0.01422318909317255,0.41508978605270386,0.07655627280473709,0.04951557517051697,0.1586855798959732
361,0.4513403625041246,0.01757095195353031,0.25481125712394714,0.013521616347134113,0.0297162476927042,0.13572028279304504,0.6841108143329621,0.024676425382494926,0.30858656764030457,0.13134044408798218,0.04721402749419212,0.17229333519935608
362,0.5048546268641949,0.02048940770328045,0.29428690671920776,0.014681977219879627,0.03316360339522362,0.14223280549049377,0.6376391392946243,0.017060158774256706,0.3105899691581726,0.10950098186731339,0.04499082267284393,0.15549726784229279
363,0.52130562107265,0.01898842491209507,0.31661897897720337,0.014143810607492924,0.03186088055372238,0.13969367742538452,0.64651392146945,0.02202296443283558,0.3045493960380554,0.11364021897315979,0.04456064850091934,0.16174070537090302
364,0.4981115213036537,0.026399513706564903,0.2873045802116394,0.014994213357567787,0.03177543729543686,0.13763783872127533,0.5651181879639625,0.015606668777763844,0.2438681721687317,0.09776438772678375,0.04846104979515076,0.15941788256168365
365,0.5326162226945161,0.019176576286554337,0.3288131058216095,0.013172841630876064,0.032119110226631165,0.1393345296382904,0.5411402355134487,0.017611442133784294,0.2689366340637207,0.06890469044446945,0.03688614070415497,0.14880135655403137
366,0.542721288099885,0.0200240146368742,0.3409509062767029,0.013559381477534771,0.03179182484745979,0.1363951414823532,0.6200834931433201,0.021927861496806145,0.2915371060371399,0.11469841003417969,0.04270486533641815,0.14921531081199646
367,0.4589934764057398,0.020383277907967567,0.2583102285861969,0.013282143510878086,0.03145001083612442,0.13556769490242004,0.8153929084539413,0.021950898692011833,0.4368095099925995,0.13155153393745422,0.050539616495370865,0.17454126477241516
368,0.5059957659244537,0.023303590714931488,0.30454137921333313,0.012997644953429699,0.030226033180952072,0.1349271833896637,0.6624427153170109,0.013740327209234238,0.33931246399879456,0.0941554605960846,0.04715311527252197,0.1680813580751419
369,0.5424408146589994,0.029216939583420753,0.3271419107913971,0.01394369825720787,0.03220462426543236,0.13993363082408905,0.6314614214003086,0.027523791417479515,0.2966296672821045,0.10163958370685577,0.04862488433718681,0.15704350173473358
370,0.5222636831253767,0.02427269145846367,0.315111368894577,0.014122159220278263,0.03142012655735016,0.13733738660812378,0.7062475945055485,0.020084889605641365,0.31935834884643555,0.1528051495552063,0.046897295862436295,0.1671019345521927
371,0.5447929257452488,0.024256683886051178,0.3346235454082489,0.014692358672618866,0.0321786142885685,0.13904151320457458,0.6272391082346439,0.01865611970424652,0.3431893587112427,0.07580730319023132,0.03752459958195686,0.15206168591976166
372,0.4948570214509964,0.01978452131152153,0.2970755100250244,0.01186726987361908,0.029437381774187088,0.13669219613075256,0.521256261318922,0.019463004544377327,0.27676939964294434,0.04638095200061798,0.034611526876688004,0.1440313756465912
373,0.5463717431426048,0.025712991133332253,0.3378622531890869,0.013082043267786503,0.03176230192184448,0.13795210421085358,0.7560149830579758,0.02060186304152012,0.4090057611465454,0.10664894431829453,0.04798819124698639,0.17177031934261322
374,0.5313916584551335,0.018878944218158722,0.33341699838638306,0.013980744406580925,0.030108219012618065,0.13500666618347168,0.737452762722969,0.015079007484018803,0.45757293701171875,0.07070372253656387,0.04090014472603798,0.15319697558879852
375,0.5017129346877337,0.022618042305111885,0.29839998483657837,0.013424749486148357,0.031617891043424606,0.13565224409103394,0.7584212040901184,0.01715490221977234,0.43375489115715027,0.10190337151288986,0.047252532094717026,0.1583554595708847
376,0.5227035733312368,0.02791070193052292,0.3134675920009613,0.013995885848999023,0.030824633315205574,0.13650475442409515,0.47781127005815505,0.019916748628020287,0.17925836145877838,0.08602311462163925,0.040075935423374176,0.15253712236881256
377,0.4905660774856806,0.020059578120708466,0.2878643572330475,0.012216719798743725,0.03222222253680229,0.13820324838161469,0.7214537212252616,0.020925607532262802,0.4047548770904541,0.09621834009885788,0.04276597872376442,0.1567889153957367
378,0.4980177565664053,0.021362928673624992,0.2833428978919983,0.014621968381106853,0.034629251807928085,0.14406074583530426,0.4809264114499092,0.018199561163783073,0.18473266065120697,0.09081897884607315,0.03630789369344711,0.15086734294891357
379,0.5045334901362658,0.020549094304442406,0.30694323778152466,0.012048226781189442,0.03151318430900574,0.13347993791103363,0.5317799505591393,0.019301975145936012,0.2570718824863434,0.0699630156159401,0.03607301414012909,0.14937004446983337
380,0.47701584261655805,0.017779607325792313,0.27499428391456604,0.01373885478824377,0.03186332806944847,0.13863985240459442,0.7336937010288238,0.018821625038981438,0.3434217870235443,0.13596318662166595,0.05237371847033501,0.18311335146427155
381,0.5060926623791456,0.02090453915297985,0.30518585443496704,0.012784404680132866,0.03075513429939747,0.1364627182483673,0.6502723400294781,0.019167639315128326,0.286173939704895,0.13882379233837128,0.04563082382082939,0.16047611832618713
382,0.49351641969382765,0.021413616836071014,0.2901304066181183,0.013690418563783169,0.0315711535513401,0.13671082258224487,0.7720193912088871,0.02366470731794834,0.4595779776573181,0.08368010818958282,0.0459420308470726,0.1591545045375824
383,0.5340243954211473,0.01993194967508316,0.3337061405181885,0.012570023536682129,0.03164194896817207,0.13617439568042755,0.6940901398658752,0.018328748643398285,0.3289411962032318,0.11667380481958389,0.05159047245979309,0.1785559207201004
384,0.48587073376774786,0.02656383067369461,0.2779550552368164,0.011324581690132618,0.03211414813995361,0.1379130780696869,0.596633905172348,0.02294185943901539,0.28460320830345154,0.08715283125638962,0.044977013021707535,0.15695901215076447
385,0.4951780490130186,0.02371256612241268,0.2869955003261566,0.012639938853681087,0.032652318477630615,0.139177605509758,0.6400962615013123,0.01940094120800495,0.34602051973342896,0.08327092975378036,0.0423341803252697,0.14906969666481018
386,0.5301747617721557,0.021932130679488182,0.32141438126564026,0.013801347464323044,0.03444519266486168,0.13858196139335632,0.5135617728531361,0.016040131449699402,0.23851102590560913,0.0708804801106453,0.03898423910140991,0.14914585649967194
387,0.523667066335678,0.019922716543078423,0.3188386559486389,0.013493807055056095,0.033181194216012955,0.1382308155298233,0.8530614450573921,0.01899055391550064,0.4922434091567993,0.12945064902305603,0.04810119792819023,0.164275661110878
388,0.516162768676877,0.01941288821399212,0.31587615609169006,0.012421452440321445,0.032844509929418564,0.13560788333415985,0.5970183400809765,0.019540317356586456,0.2491346001625061,0.10837885737419128,0.05162966251373291,0.16833484172821045
389,0.5367577346414327,0.0284733809530735,0.3166937828063965,0.013571634888648987,0.034469280391931534,0.14354971051216125,0.7628888612985611,0.023999914526939392,0.3507276773452759,0.14114271104335785,0.05782529339194298,0.1891932636499405
390,0.5182856636792421,0.027936827391386032,0.31277331709861755,0.013072744943201542,0.030214112251996994,0.13428878784179688,0.8108016455173492,0.02172819897532463,0.37908652424812317,0.1666165143251419,0.058074548840522766,0.18529587984085083
391,0.49622611147165296,0.0205079335719347,0.2957685589790344,0.012217006646096706,0.031532466411590576,0.136199951171875,0.648835325539112,0.014536055736243725,0.3650251626968384,0.09968719631433487,0.029394082725048065,0.14019280672073364
392,0.47714239853620527,0.023521902039647102,0.27542179822921753,0.011417144909501076,0.030842673033475876,0.13593879342079163,0.6755684612691403,0.01815778762102127,0.3908875286579132,0.07038343697786331,0.04178701713681221,0.15435270965099335
393,0.4773222147375345,0.022458581253886223,0.27650144696235657,0.012558307498693466,0.030035890638828278,0.13576792180538177,0.6322815884649754,0.022043569013476372,0.3137308955192566,0.08498543500900269,0.047522686421871185,0.16399890184402466
394,0.4913839677423239,0.023489274084568024,0.28598353266716003,0.012390075251460075,0.03232835233211517,0.13719291985034943,0.675166002959013,0.01724264584481716,0.34496334195137024,0.09865822643041611,0.046561099588871,0.16774070262908936
395,0.48674616099894047,0.019270455464720726,0.2924686670303345,0.01185689214617014,0.029010411351919174,0.13413985073566437,0.5489193706214428,0.020780587568879128,0.2315441519021988,0.09697935730218887,0.04125981777906418,0.1583554446697235
396,0.5419335045069457,0.02153499610722065,0.34350645542144775,0.013011441566050053,0.030226733535528183,0.1336538940668106,0.7692210799455643,0.01886890083551407,0.4665778875350952,0.06868642568588257,0.04040403291583061,0.1746838539838791
397,0.48662993001937865,0.017489541321992874,0.30053022503852844,0.010331138968467712,0.026596730574965477,0.13168226182460785,0.5669361194968223,0.018795739859342575,0.29140719771385193,0.0765979215502739,0.03355887532234192,0.146576389670372
398,0.4850553737431765,0.02111911028623581,0.28118896484375,0.012964827008545399,0.032037168741226196,0.13774529099464417,0.562431564629078,0.01583094336092472,0.24191759526729584,0.09875492006540298,0.047848545014858246,0.15807951986789703
399,0.48737068659067156,0.021395709365606308,0.2896283268928528,0.01249545719474554,0.030647335574030876,0.13320372998714447,0.6650748661160469,0.014895047061145306,0.3840702176094055,0.07736337184906006,0.04003358259797096,0.14871269464492798
400,0.5277753404378891,0.02015284076333046,0.33036667108535767,0.012435086071491241,0.029450103640556335,0.13537049293518066,0.645755680501461,0.016611434519290924,0.39317095279693604,0.05129695311188698,0.0370565690100193,0.14761973917484283
